player,Batsmen_score,Name
SR Tendulkar (INDIA),74.5780553,SR Tendulkar
KC Sangakkara (Asia/ICC/SL),59.8233446,KC Sangakkara
ST Jayasuriya (Asia/SL),56.100457,ST Jayasuriya
RT Ponting (AUS/ICC),55.5846779,RT Ponting
DPMD Jayawardene (Asia/SL),51.5179906,DPMD Jayawardene
V Kohli (INDIA),50.5194008,V Kohli
SC Ganguly (Asia/INDIA),49.089502,SC Ganguly
Inzamam-ul-Haq (Asia/PAK),47.8690764,Inzamam-ul-Haq
CH Gayle (ICC/WI),47.8548459,CH Gayle
MS Dhoni (Asia/INDIA),47.83282827,MS Dhoni
JH Kallis (Afr/ICC/SA),47.1225879,JH Kallis
RG Sharma (INDIA),46.2451868,RG Sharma
R Dravid (Asia/ICC/INDIA),46.1231164,R Dravid
BC Lara (ICC/WI),45.0623611,BC Lara
TM Dilshan (SL),44.3376053,TM Dilshan
AB de Villiers (Afr/SA),42.8611649,AB de Villiers
AC Gilchrist (AUS/ICC),42.7544634,AC Gilchrist
Saeed Anwar (PAK),41.7449237,Saeed Anwar
Mohammad Yousuf (Asia/PAK),41.082881,Mohammad Yousuf
M Azharuddin (INDIA),40.8176972,M Azharuddin
V Sehwag (Asia/ICC/INDIA),40.5620213,V Sehwag
PA de Silva (SL),40.2928993,PA de Silva
LRPL Taylor (NZ),39.68308,LRPL Taylor
DL Haynes (WI),39.31894081,DL Haynes
ME Waugh (AUS),39.031729,ME Waugh
S Chanderpaul (WI),38.8273814,S Chanderpaul
Yuvraj Singh (Asia/INDIA),38.3922137,Yuvraj Singh
HH Gibbs (SA),37.9075986,HH Gibbs
HM Amla (SA),37.4611479,HM Amla
MJ Guptill (NZ),36.8417224,MJ Guptill
MS Atapattu (SL),36.7495342,MS Atapattu
MJ Clarke (AUS),35.2451928,MJ Clarke
SP Fleming (ICC/NZ),35.0671839,SP Fleming
Shahid Afridi (Asia/ICC/PAK),34.74214,Shahid Afridi
EJG Morgan (ENG/IRE),34.3844164,EJG Morgan
IVA Richards (WI),34.276717,IVA Richards
G Kirsten (SA),33.8517294,G Kirsten
Tamim Iqbal (BDESH),33.7118314,Tamim Iqbal
Shoaib Malik (PAK),33.674049,Shoaib Malik
WU Tharanga (Asia/SL),33.2965762,WU Tharanga
A Ranatunga (SL),33.273149,A Ranatunga
SR Waugh (AUS),33.1017901,SR Waugh
Younis Khan (PAK),32.8849169,Younis Khan
Javed Miandad (PAK),32.4110311,Javed Miandad
NJ Astle (NZ),32.36616631,NJ Astle
A Flower (ZIM),32.3090649,A Flower
ML Hayden (AUS/ICC),32.1183556,ML Hayden
GC Smith (Afr/SA),31.8764991,GC Smith
Ijaz Ahmed (PAK),30.89523391,Ijaz Ahmed
Mohammad Hafeez (PAK),30.7931121,Mohammad Hafeez
GW Flower (ZIM),30.7233588,GW Flower
F du Plessis (SA),30.704896,F du Plessis
BB McCullum (NZ),30.6099607,BB McCullum
Shakib Al Hasan (BDESH),30.3287375,Shakib Al Hasan
SR Watson (AUS),30.3194034,SR Watson
Saleem Malik (PAK),30.2324751,Saleem Malik
MG Bevan (AUS),30.0995176,MG Bevan
AR Border (AUS),30.0292912,AR Border
KS Williamson (NZ),29.9203302,KS Williamson
Mushfiqur Rahim (BDESH),29.8543483,Mushfiqur Rahim
BRM Taylor (ZIM),29.64228011,BRM Taylor
H Masakadza (ZIM),29.2959731,H Masakadza
RB Richardson (WI),28.9829364,RB Richardson
DM Jones (AUS),28.9824266,DM Jones
AD Mathews (SL),28.2377563,AD Mathews
DC Boon (AUS),28.0451093,DC Boon
S Dhawan (INDIA),28.0166261,S Dhawan
JE Root (ENG),27.9633707,JE Root
DR Martyn (AUS),27.6476553,DR Martyn
DA Warner (AUS),27.5730305,DA Warner
JN Rhodes (SA),27.56078491,JN Rhodes
IR Bell (ENG),27.5543476,IR Bell
RR Sarwan (WI),27.34949231,RR Sarwan
Q de Kock (SA),27.276172,Q de Kock
MN Samuels (WI),27.0773071,MN Samuels
Rameez Raja (PAK),26.83648001,Rameez Raja
G Gambhir (INDIA),26.6246775,G Gambhir
A Symonds (AUS),26.5754084,A Symonds
CL Hooper (WI),26.37266021,CL Hooper
SK Raina (INDIA),26.366515,SK Raina
WJ Cronje (SA),26.3059817,WJ Cronje
JP Duminy (SA),26.2787155,JP Duminy
MEK Hussey (AUS),25.8673176,MEK Hussey
A Jadeja (INDIA),25.647943,A Jadeja
ADR Campbell (ZIM),25.41921071,ADR Campbell
CG Greenidge (WI),25.20043711,CG Greenidge
RS Mahanama (SL),24.88717361,RS Mahanama
AJ Finch (AUS),24.6533011,AJ Finch
PR Stirling (IRE),24.5171997,PR Stirling
PD Collingwood (ENG),24.5051628,PD Collingwood
MV Boucher (Afr/SA),24.4347136,MV Boucher
Aamer Sohail (PAK),24.17366091,Aamer Sohail
Misbah-ul-Haq (PAK),24.0619375,Misbah-ul-Haq
Abdul Razzaq (Asia/PAK),23.9595225,Abdul Razzaq
SB Styris (NZ),23.8524601,SB Styris
CL Cairns (ICC/NZ),23.6496186,CL Cairns
AJ Strauss (ENG),23.4362534,AJ Strauss
ME Trescothick (ENG),23.2684231,ME Trescothick
AJ Stewart (ENG),23.1880896,AJ Stewart
MD Crowe (NZ),23.1857193,MD Crowe
NS Sidhu (INDIA),23.1081942,NS Sidhu
CD McMillan (NZ),22.9831084,CD McMillan
N Kapil Dev (INDIA),22.9308627,N Kapil Dev
KP Pietersen (ENG/ICC),22.8968388,KP Pietersen
SPD Smith (AUS),22.8875941,SPD Smith
GA Gooch (ENG),22.8556318,GA Gooch
GR Marsh (AUS),22.6156073,GR Marsh
CZ Harris (NZ),22.56756701,CZ Harris
JC Buttler (ENG),22.0750913,JC Buttler
WTS Porterfield (IRE),22.0679768,WTS Porterfield
JJ Roy (ENG),21.777539,JJ Roy
E Chigumbura (Afr/ZIM),21.44894311,E Chigumbura
Mahmudullah (BDESH),21.3902078,Mahmudullah
K Srikkanth (INDIA),21.2105014,K Srikkanth
SD Hope (WI),21.1616452,SD Hope
SC Williams (ZIM),20.95917451,SC Williams
AJ Lamb (ENG),20.8091194,AJ Lamb
GA Hick (ENG),20.5679988,GA Hick
DJ Cullinan (SA),20.43401671,DJ Cullinan
KJ O'Brien (IRE),20.31423871,KJ O'Brien
AP Gurusinha (SL),20.26539271,AP Gurusinha
Babar Azam (PAK),20.2383338,Babar Azam
DI Gower (ENG),19.9458715,DI Gower
SM Pollock (Afr/ICC/SA),19.7748259,SM Pollock
NV Knight (ENG),19.7359672,NV Knight
RP Arnold (SL),19.62396361,RP Arnold
PV Simmons (WI),19.5025856,PV Simmons
Imran Khan (PAK),19.4101415,Imran Khan
GJ Bailey (AUS),19.3978311,GJ Bailey
DA Miller (SA),19.3955643,DA Miller
HDRL Thirimanne (SL),19.3590547,HDRL Thirimanne
HP Tillakaratne (SL),19.32662701,HP Tillakaratne
LD Chandimal (SL),19.2926132,LD Chandimal
Fakhar Zaman (PAK),19.2566953,Fakhar Zaman
HH Dippenaar (Afr/SA),19.23880171,HH Dippenaar
AN Cook (ENG),19.1216143,AN Cook
JG Wright (NZ),18.9929098,JG Wright
JM Bairstow (ENG),18.9547227,JM Bairstow
A Flintoff (ENG/ICC),18.8330602,A Flintoff
RS Kaluwitharana (SL),18.68529291,RS Kaluwitharana
EC Joyce (ENG/IRE),18.6298903,EC Joyce
AD Hales (ENG),18.5721542,AD Hales
Kamran Akmal (PAK),18.5505784,Kamran Akmal
SE Marsh (AUS),18.4906101,SE Marsh
T Taibu (Afr/ZIM),18.4552388,T Taibu
DB Vengsarkar (INDIA),18.4399703,DB Vengsarkar
L Klusener (SA),18.3634351,L Klusener
Mohammad Ashraful (Asia/BDESH),18.346786,Mohammad Ashraful
RA Smith (ENG),18.2915515,RA Smith
MA Taylor (AUS),18.11637151,MA Taylor
KC Wessels (AUS/SA),18.10773891,KC Wessels
L Vincent (NZ),18.00291271,L Vincent
Sikandar Raza (ZIM),17.9334264,Sikandar Raza
Wasim Akram (PAK),17.9100913,Wasim Akram
AC Hudson (SA),17.84779911,AC Hudson
KR Rutherford (NZ),17.817788,KR Rutherford
D Ramdin (WI),17.72129441,D Ramdin
MDKJ Perera (SL),17.65059,MDKJ Perera
AC Parore (NZ),17.63341581,AC Parore
SM Gavaskar (INDIA),17.6297186,SM Gavaskar
Imrul Kayes (BDESH),17.591986,Imrul Kayes
CR Ervine (ZIM),17.5149628,CR Ervine
IJL Trott (ENG),17.5149166,IJL Trott
BJ Haddin (AUS),17.5041914,BJ Haddin
DS Lehmann (AUS),17.4147974,DS Lehmann
TWM Latham (NZ),17.3703746,TWM Latham
Mohammad Shahzad (AFG),17.3524028,Mohammad Shahzad
Salman Butt (PAK),17.3297308,Salman Butt
Umar Akmal (PAK),17.3265144,Umar Akmal
V Sibanda (Afr/ZIM),17.2467828,V Sibanda
WW Hinds (WI),17.21846141,WW Hinds
RJ Shastri (INDIA),17.2051027,RJ Shastri
DM Bravo (WI),17.1487198,DM Bravo
AM Rahane (INDIA),17.0075043,AM Rahane
DJ Bravo (WI),16.711138,DJ Bravo
BA Stokes (ENG),16.6115584,BA Stokes
SV Carlisle (ZIM),16.48901941,SV Carlisle
Zaheer Abbas (PAK),16.43748891,Zaheer Abbas
Mohammad Nabi (AFG),16.4001244,Mohammad Nabi
NLTC Perera (SL),16.1987087,NLTC Perera
GS Chappell (AUS),16.187927,GS Chappell
GJ Maxwell (AUS),16.1447307,GJ Maxwell
M Kaif (INDIA),16.0719083,M Kaif
E Lewis (WI),16.0092997,E Lewis
Ahmed Shehzad (PAK),15.9994238,Ahmed Shehzad
Imran Nazir (PAK),15.94001201,Imran Nazir
AL Logie (WI),15.93392991,AL Logie
VVS Laxman (INDIA),15.8026903,VVS Laxman
CB Wishart (ZIM),15.62724751,CB Wishart
Moin Khan (PAK),15.57396391,Moin Khan
KA Pollard (WI),15.5485154,KA Pollard
RG Twose (NZ),15.54201491,RG Twose
A Balbirnie (IRE),15.54155521,A Balbirnie
Imam-ul-Haq (PAK),15.5125167,Imam-ul-Haq
Rahmat Shah (AFG),15.48075471,Rahmat Shah
GM Turner (NZ),15.40348641,GM Turner
HH Streak (Afr/ZIM),15.37353711,HH Streak
RS Bopara (ENG),15.3524074,RS Bopara
NJ O'Brien (IRE),15.3381034,NJ O'Brien
VG Kambli (INDIA),15.0593884,VG Kambli
AH Jones (NZ),15.0551346,AH Jones
L Ronchi (AUS/NZ),14.93157,L Ronchi
N Hussain (ENG),14.8531789,N Hussain
Mudassar Nazar (PAK),14.84306401,Mudassar Nazar
Asghar Afghan (AFG),14.7233192,Asghar Afghan
Shahriar Nafees (BDESH),14.6631539,Shahriar Nafees
GJ Whittall (ZIM),14.40963321,GJ Whittall
MJ Greatbatch (NZ),14.39220071,MJ Greatbatch
Yasir Hameed (PAK),14.38803041,Yasir Hameed
GM Wood (AUS),14.3480027,GM Wood
RL Powell (WI),14.32711351,RL Powell
MA Atherton (ENG),14.3194804,MA Atherton
Sarfaraz Ahmed (PAK),14.3188269,Sarfaraz Ahmed
JDP Oram (NZ),14.3061171,JDP Oram
RR Singh (INDIA),14.186673,RR Singh
NH Fairbrother (ENG),14.15682751,NH Fairbrother
CJ Chibhabha (ZIM),14.06263021,CJ Chibhabha
BKG Mendis (SL),14.0146335,BKG Mendis
GC Wilson (IRE),14.0102734,GC Wilson
GD Elliott (NZ),13.9982308,GD Elliott
LMP Simmons (WI),13.9964255,LMP Simmons
CK Coventry (ZIM),13.89605071,CK Coventry
Soumya Sarkar (BDESH),13.8695827,Soumya Sarkar
SL Campbell (WI),13.8686425,SL Campbell
ND McKenzie (SA),13.82714991,ND McKenzie
MW Gatting (ENG),13.81424971,MW Gatting
Saleem Elahi (PAK),13.76080001,Saleem Elahi
NC Johnson (ZIM),13.7033708,NC Johnson
Haris Sohail (PAK),13.6929387,Haris Sohail
RA Jadeja (INDIA),13.6636444,RA Jadeja
DA Gunawardene (SL),13.63572981,DA Gunawardene
AT Rayudu (INDIA),13.5971194,AT Rayudu
GP Thorpe (ENG),13.59251961,GP Thorpe
D Mongia (INDIA),13.5880267,D Mongia
MM Ali (ENG),13.5596566,MM Ali
DL Houghton (ZIM),13.49306981,DL Houghton
CL White (AUS),13.3776532,CL White
MW Goodwin (ZIM),13.358815,MW Goodwin
MD Gunathilaka (SL),13.313184,MD Gunathilaka
Mohsin Khan (PAK),13.2989354,Mohsin Khan
OA Shah (ENG),13.2443437,OA Shah
SV Manjrekar (INDIA),13.238558,SV Manjrekar
RR Rossouw (SA),13.23634551,RR Rossouw
SO Hetmyer (WI),13.1429472,SO Hetmyer
CH Lloyd (WI),13.1275842,CH Lloyd
DJ Hussey (AUS),12.934877,DJ Hussey
S Matsikenyeri (ZIM),12.92901381,S Matsikenyeri
DL Vettori (ICC/NZ),12.9128328,DL Vettori
Sharjeel Khan (PAK),12.852824,Sharjeel Khan
RL Dias (SL),12.82924931,RL Dias
M Amarnath (INDIA),12.76903791,M Amarnath
MP Vaughan (ENG),12.7135129,MP Vaughan
UT Khawaja (AUS),12.5842649,UT Khawaja
Azhar Ali (PAK),12.5636395,Azhar Ali
JC Adams (WI),12.52772871,JC Adams
M Prabhakar (INDIA),12.52274451,M Prabhakar
KJ Hughes (AUS),12.4509762,KJ Hughes
N Dickwella (SL),12.4034016,N Dickwella
Aftab Ahmed (BDESH),12.3784744,Aftab Ahmed
IT Botham (ENG),12.354406,IT Botham
JD Campbell (WI),12.3377368,JD Campbell
Habibul Bashar (BDESH),12.33507541,Habibul Bashar
N Boje (Afr/SA),12.32906791,N Boje
BA Edgar (NZ),12.28796011,BA Edgar
MP Stoinis (AUS),12.2575146,MP Stoinis
DJG Sammy (WI),12.2414705,DJG Sammy
HM Nicholls (NZ),12.16134101,HM Nicholls
JO Holder (WI),12.1492808,JO Holder
Najibullah Zadran (AFG),12.1468135,Najibullah Zadran
Samiullah Shinwari (AFG),12.1419589,Samiullah Shinwari
TM Head (AUS),12.0977672,TM Head
Imran Farhat (PAK),12.08419251,Imran Farhat
MS Wade (AUS),12.0492471,MS Wade
J Charles (WI),12.044213,J Charles
LPC Silva (SL),11.961639,LPC Silva
KM Jadhav (INDIA),11.9588098,KM Jadhav
Basit Ali (PAK),11.93441281,Basit Ali
DD Ebrahim (ZIM),11.90462001,DD Ebrahim
DL Amiss (ENG),11.8678828,DL Amiss
PJL Dujon (WI),11.86536701,PJL Dujon
JM How (NZ),11.7278883,JM How
RS Morton (WI),11.69488051,RS Morton
Shoaib Mohammad (PAK),11.6666262,Shoaib Mohammad
JM Kemp (Afr/SA),11.64833911,JM Kemp
CJ Anderson (NZ),11.6062592,CJ Anderson
Liton Das (BDESH),11.5782287,Liton Das
SC Williams (WI),11.56996811,SC Williams
KLT Arthurton (WI),11.55533651,KLT Arthurton
Nawroz Mangal (AFG),11.54980221,Nawroz Mangal
DJ Callaghan (SA),11.52639991,DJ Callaghan
PG Fulton (NZ),11.5066197,PG Fulton
Sir RJ Hadlee (NZ),11.488385,Sir RJ Hadlee
MR Marsh (AUS),11.4530438,MR Marsh
CK Kapugedera (SL),11.4360594,CK Kapugedera
PJ Hughes (AUS),11.3294899,PJ Hughes
JD Ryder (NZ),11.3029091,JD Ryder
Nasir Jamshed (PAK),11.2812468,Nasir Jamshed
HJH Marshall (NZ),11.27824751,HJH Marshall
MS Sinclair (NZ),11.2615561,MS Sinclair
JAH Marshall (NZ),11.2510207,JAH Marshall
DR Smith (WI),11.2494609,DR Smith
BC Broad (ENG),11.2306221,BC Broad
SM Katich (AUS),11.1938714,SM Katich
HA Gomes (WI),11.15835271,HA Gomes
Sabbir Rahman (BDESH),11.1438103,Sabbir Rahman
Alok Kapali (BDESH),11.14288651,Alok Kapali
RD Jacobs (WI),11.12170751,RD Jacobs
CWJ Athey (ENG),11.0766692,CWJ Athey
UDU Chandana (SL),11.04587981,UDU Chandana
Noor Ali Zadran (AFG),11.02620621,Noor Ali Zadran
XM Marshall (USA/WI),11.00702101,XM Marshall
JJ Crowe (NZ),10.96397391,JJ Crowe
Rashid Latif (PAK),10.95938381,Rashid Latif
KD Karthik (INDIA),10.9317664,KD Karthik
JV Coney (NZ),10.80548041,JV Coney
SG Law (AUS),10.7718108,SG Law
BA Young (NZ),10.7699433,BA Young
KWR Fletcher (ENG),10.76357341,KWR Fletcher
KL Rahul (INDIA),10.7538106,KL Rahul
JP Faulkner (AUS),10.7490114,JP Faulkner
SB Smith (AUS),10.7181447,SB Smith
Anamul Haque (BDESH),10.6861059,Anamul Haque
Khaled Mashud (BDESH),10.6706524,Khaled Mashud
IK Pathan (INDIA),10.6176194,IK Pathan
PN Kirsten (SA),10.48547811,PN Kirsten
Mohammad Rizwan (PAK),10.4381188,Mohammad Rizwan
CR Woakes (ENG),10.4097282,CR Woakes
LRD Mendis (SL),10.3746227,LRD Mendis
BM McMillan (SA),10.34086611,BM McMillan
RJ Nicol (NZ),10.3350211,RJ Nicol
WPUJC Vaas (Asia/SL),10.3266612,WPUJC Vaas
JEC Franklin (NZ),10.3027262,JEC Franklin
VS Solanki (ENG),10.2865623,VS Solanki
AC Voges (AUS),10.2617287,AC Voges
Craig Kieswetter (ENG),10.2568823,Craig Kieswetter
SW Ambris (WI),10.25020761,SW Ambris
H Klaasen (SA),10.231128,H Klaasen
Asif Mujtaba (PAK),10.22448601,Asif Mujtaba
JDS Neesham (NZ),10.2218106,JDS Neesham
Nasir Hossain (BDESH),10.2193141,Nasir Hossain
YK Pathan (INDIA),10.210166,YK Pathan
Junaid Siddique (BDESH),10.1876792,Junaid Siddique
N Pooran (WI),10.1734343,N Pooran
MN Waller (ZIM),10.1275891,MN Waller
SW Billings (ENG),10.0258106,SW Billings
CA Ingram (SA),10.0096252,CA Ingram
AB Agarkar (INDIA),10.0037132,AB Agarkar
SF Mire (ZIM),9.992138406,SF Mire
Javed Omar (BDESH),9.9882579,Javed Omar
Fawad Alam (PAK),9.9752267,Fawad Alam
BM Laird (AUS),9.946923406,BM Laird
Rajin Saleh (BDESH),9.944091106,Rajin Saleh
G Boycott (ENG),9.8576766,G Boycott
MJ Prior (ENG),9.8562336,MJ Prior
IA Healy (AUS),9.8553824,IA Healy
Hashmatullah Shahidi (AFG),9.849477,Hashmatullah Shahidi
DS Smith (WI),9.8382841,DS Smith
NT Broom (NZ),9.828135106,NT Broom
JWA Taylor (ENG),9.7651082,JWA Taylor
Asad Shafiq (PAK),9.75654,Asad Shafiq
C Munro (NZ),9.7459659,C Munro
Raqibul Hasan (BDESH),9.6556402,Raqibul Hasan
TD Paine (AUS),9.561688,TD Paine
CB Lambert (USA/WI),9.495306606,CB Lambert
HK Badani (INDIA),9.482842606,HK Badani
TM Moody (AUS),9.4769641,TM Moody
Azhar Mahmood (PAK),9.472105,Azhar Mahmood
W Larkins (ENG),9.4699984,W Larkins
AD Russell (WI),9.3836292,AD Russell
BJ Hodge (AUS),9.3805211,BJ Hodge
Mashrafe Mortaza (Asia/BDESH),9.3664137,Mashrafe Mortaza
PSP Handscomb (AUS),9.3492618,PSP Handscomb
TT Samaraweera (SL),9.3379019,TT Samaraweera
GP Howarth (NZ),9.318136306,GP Howarth
Majid Khan (PAK),9.314189006,Majid Khan
JA Rudolph (Afr/SA),9.2616505,JA Rudolph
SP O'Donnell (AUS),9.189101506,SP O'Donnell
AG Prince (Afr/SA),9.164260606,AG Prince
R Lamba (INDIA),9.158132406,R Lamba
DW Randall (ENG),9.098646806,DW Randall
Naeem Islam (BDESH),9.094431806,Naeem Islam
JF Mooney (IRE),9.046473406,JF Mooney
CT Radley (ENG),9.0311071,CT Radley
P Utseya (ZIM),9.003448306,P Utseya
KMDN Kulasekara (SL),8.9869656,KMDN Kulasekara
JA Morkel (Afr/SA),8.8867225,JA Morkel
PA Wallace (WI),8.886014906,PA Wallace
HE van der Dussen (SA),8.8721307,HE van der Dussen
Gulbadin Naib (AFG),8.866681,Gulbadin Naib
WIA Fernando (SL),8.8392213,WIA Fernando
HH Pandya (INDIA),8.7891377,HH Pandya
WV Raman (INDIA),8.774255206,WV Raman
CN Evans (ZIM),8.7683784,CN Evans
MA Vermeulen (ZIM),8.7567614,MA Vermeulen
DAS Gunaratne (SL),8.7538901,DAS Gunaratne
JR Hopes (AUS),8.7466681,JR Hopes
Mohammad Rafique (Asia/BDESH),8.727033006,Mohammad Rafique
T Bavuma (SA),8.7256208,T Bavuma
RW Marsh (AUS),8.7184336,RW Marsh
SM Ervine (ZIM),8.6880733,SM Ervine
AT Carey (AUS),8.6771089,AT Carey
RV Uthappa (INDIA),8.6448849,RV Uthappa
HDPK Dharmasena (SL),8.6152433,HDPK Dharmasena
SHT Kandamby (SL),8.602086906,SHT Kandamby
NR Mongia (INDIA),8.589974,NR Mongia
MJR Rindel (SA),8.582810506,MJR Rindel
SM Patil (INDIA),8.5608287,SM Patil
Yashpal Sharma (INDIA),8.527713106,Yashpal Sharma
KOA Powell (WI),8.510785206,KOA Powell
IM Chappell (AUS),8.50044,IM Chappell
MJ Horne (NZ),8.493465706,MJ Horne
FDM Karunaratne (SL),8.4728165,FDM Karunaratne
GM Ritchie (AUS),8.449013306,GM Ritchie
MF Maharoof (SL),8.4272011,MF Maharoof
SS Iyer (INDIA),8.4225374,SS Iyer
Karim Sadiq (AFG),8.418846006,Karim Sadiq
Javed Ahmadi (AFG),8.395166906,Javed Ahmadi
SA Thomson (NZ),8.3909555,SA Thomson
CM Spearman (NZ),8.3909157,CM Spearman
AB Barath (WI),8.3907557,AB Barath
R Powell (WI),8.3646832,R Powell
MJ Slater (AUS),8.364574906,MJ Slater
JP Bray (IRE),8.333035906,JP Bray
KA Edwards (WI),8.332810906,KA Edwards
Usman Ghani (AFG),8.327989206,Usman Ghani
Abid Ali (PAK),8.3183734,Abid Ali
PA Patel (INDIA),8.301875,PA Patel
Sohaib Maqsood (PAK),8.3011862,Sohaib Maqsood
DM de Silva (SL),8.2994096,DM de Silva
F Behardien (SA),8.290824906,F Behardien
DSBP Kuruppu (SL),8.278668506,DSBP Kuruppu
B Lee (AUS),8.2230238,B Lee
DA Marillier (ZIM),8.209465006,DA Marillier
BE Congdon (NZ),8.198328006,BE Congdon
AD Brown (ENG),8.181144,AD Brown
AC Waller (ZIM),8.1198819,AC Waller
GO Jones (ENG/PNG),8.1116037,GO Jones
AJ Hall (SA),8.101675306,AJ Hall
D Lloyd (ENG),8.084045706,D Lloyd
CR Brathwaite (WI),8.0710944,CR Brathwaite
TT Bresnan (ENG),8.0114625,TT Bresnan
WB Phillips (AUS),8.0062131,WB Phillips
MAR Samarasekera (SL),7.9935512,MAR Samarasekera
Imad Wasim (PAK),7.9740937,Imad Wasim
MK Pandey (INDIA),7.9576285,MK Pandey
MG Johnson (AUS),7.9391285,MG Johnson
S Wettimuny (SL),7.938380306,S Wettimuny
RS Madugalle (SL),7.922739406,RS Madugalle
CJ Tavare (ENG),7.9198184,CJ Tavare
TM Chappell (AUS),7.909396206,TM Chappell
NL McCullum (NZ),7.898972,NL McCullum
JR Murray (WI),7.891293706,JR Murray
J Dyson (AUS),7.851108006,J Dyson
CA Best (WI),7.843606406,CA Best
Aamer Malik (PAK),7.841984006,Aamer Malik
AI Kallicharran (WI),7.8352365,AI Kallicharran
RR Hendricks (SA),7.8342378,RR Hendricks
JF Reid (NZ),7.8281379,JF Reid
MS Chapman (HKG/NZ),7.799045406,MS Chapman
Mehrab Hossain (BDESH),7.790943306,Mehrab Hossain
C Sharma (INDIA),7.7414667,C Sharma
IDS Smith (NZ),7.7223673,IDS Smith
BJ Watling (NZ),7.7126407,BJ Watling
S Ramesh (INDIA),7.709582406,S Ramesh
Naved Latif (PAK),7.7033602,Naved Latif
JL Denly (ENG),7.663859,JL Denly
Moin-ul-Atiq (PAK),7.660926106,Moin-ul-Atiq
PJ Forrest (AUS),7.6586699,PJ Forrest
SFAF Bacchus (WI),7.626424306,SFAF Bacchus
D Ganga (WI),7.571248006,D Ganga
Harbhajan Singh (Asia/INDIA),7.5587566,Harbhajan Singh
DW Hookes (AUS),7.551903606,DW Hookes
G Fowler (ENG),7.545941106,G Fowler
KJ Wadsworth (NZ),7.541662306,KJ Wadsworth
AR White (IRE),7.5295613,AR White
Akram Khan (BDESH),7.5281531,Akram Khan
BL Cairns (NZ),7.511872706,BL Cairns
RC Fredericks (WI),7.5108398,RC Fredericks
RT Robinson (ENG),7.481875706,RT Robinson
T Duffin (ZIM),7.4770528,T Duffin
GB Hogg (AUS),7.4660448,GB Hogg
MJ Santner (NZ),7.4231095,MJ Santner
RB McCosker (AUS),7.405775506,RB McCosker
GN Yallop (AUS),7.3955479,GN Yallop
RL Chase (WI),7.3778387,RL Chase
JP Maher (AUS),7.3673088,JP Maher
MD Marshall (WI),7.3638204,MD Marshall
A Turner (AUS),7.3401073,A Turner
BG Rogers (ZIM),7.3325207,BG Rogers
JN Mohammed (WI),7.325033906,JN Mohammed
DM Wellham (AUS),7.313145106,DM Wellham
TJ Friend (ZIM),7.3007109,TJ Friend
S Prasanna (SL),7.249581,S Prasanna
MK Tiwary (INDIA),7.2265981,MK Tiwary
Faisal Iqbal (PAK),7.222465906,Faisal Iqbal
SK Warne (AUS/ICC),7.2221494,SK Warne
C de Grandhomme (NZ),7.2217958,C de Grandhomme
KD Mills (NZ),7.1953976,KD Mills
MHW Papps (NZ),7.177988106,MHW Papps
Aminul Islam (BDESH),7.1756449,Aminul Islam
AJ Hollioake (ENG),7.166585806,AJ Hollioake
Zahid Fazal (PAK),7.161774706,Zahid Fazal
KJ Barnett (ENG),7.1554233,KJ Barnett
Qasim Umar (PAK),7.137302506,Qasim Umar
LK Germon (NZ),7.120094306,LK Germon
PA Strang (ZIM),7.073238106,PA Strang
PK Amre (INDIA),7.073102906,PK Amre
CJ Nevin (NZ),7.067257906,CJ Nevin
RW Chakabva (ZIM),7.047983806,RW Chakabva
PAJ DeFreitas (ENG),7.024562206,PAJ DeFreitas
CJ Ferguson (AUS),6.9968602,CJ Ferguson
GSNFG Jayasuriya (SL),6.9954762,GSNFG Jayasuriya
Athar Ali Khan (BDESH),6.9549569,Athar Ali Khan
NM Coulter-Nile (AUS),6.9426898,NM Coulter-Nile
GK Khoda (INDIA),6.929833506,GK Khoda
J Mubarak (SL),6.9290793,J Mubarak
AN Petersen (SA),6.885229106,AN Petersen
GJ Rennie (ZIM),6.883178706,GJ Rennie
Rashid Khan (AFG),6.8805218,Rashid Khan
AR Cusack (IRE),6.870185606,AR Cusack
LE Bosman (Afr/SA),6.863635706,LE Bosman
Ikram Alikhil (AFG),6.836634106,Ikram Alikhil
Shamsur Rahman (BDESH),6.808745,Shamsur Rahman
SAR Silva (SL),6.7988382,SAR Silva
Taufeeq Umar (PAK),6.7970891,Taufeeq Umar
Shabir Noori (AFG),6.795123506,Shabir Noori
MN van Wyk (SA),6.7873868,MN van Wyk
MJ Lumb (ENG),6.7857908,MJ Lumb
Shahriar Hossain (BDESH),6.7754277,Shahriar Hossain
AK Markram (SA),6.7568776,AK Markram
R Mutumbami (ZIM),6.754714806,R Mutumbami
Khaled Mahmud (BDESH),6.7385563,Khaled Mahmud
N Deonarine (WI),6.737760406,N Deonarine
RH Vance (NZ),6.728351406,RH Vance
Saleem Yousuf (PAK),6.721860906,Saleem Yousuf
BMAJ Mendis (SL),6.706867,BMAJ Mendis
SM Davies (ENG),6.6972582,SM Davies
F Mutizwa (ZIM),6.682320606,F Mutizwa
MD Shanaka (SL),6.6748674,MD Shanaka
TM Dowlin (WI),6.639827006,TM Dowlin
MJ Di Venuto (AUS),6.6313286,MJ Di Venuto
AM Blignaut (ZIM),6.623936706,AM Blignaut
R Edwards (AUS),6.585852506,R Edwards
AU Rashid (ENG),6.5804623,AU Rashid
CL King (WI),6.580200506,CL King
Wasim Raja (PAK),6.575695406,Wasim Raja
SS Dighe (INDIA),6.566028906,SS Dighe
DN Patel (NZ),6.5551147,DN Patel
Mohammad Wasim (PAK),6.541682506,Mohammad Wasim
AR McBrine (IRE),6.515075106,AR McBrine
DJ Richardson (SA),6.5098357,DJ Richardson
PJ Moor (ZIM),6.493177006,PJ Moor
ID Blackwell (ENG),6.4909026,ID Blackwell
AL Phehlukwayo (SA),6.47951,AL Phehlukwayo
AP Kuiper (SA),6.475051006,AP Kuiper
R Rampaul (WI),6.4544559,R Rampaul
JM Brearley (ENG),6.4491533,JM Brearley
P Mustard (ENG),6.4310456,P Mustard
R Ashwin (INDIA),6.4227378,R Ashwin
Wajahatullah Wasti (PAK),6.394919306,Wajahatullah Wasti
RR Pant (INDIA),6.3806678,RR Pant
AJ Turner (AUS),6.3721562,AJ Turner
B Wood (ENG),6.3649383,B Wood
SR Patel (ENG),6.3631653,SR Patel
Minhajul Abedin (BDESH),6.361312206,Minhajul Abedin
J Srinath (INDIA),6.3607232,J Srinath
Khurram Manzoor (PAK),6.357988206,Khurram Manzoor
RIC Holder (WI),6.3172507,RIC Holder
UC Hathurusingha (SL),6.289278406,UC Hathurusingha
RS Kalpage (SL),6.285953206,RS Kalpage
PL Symcox (SA),6.262533006,PL Symcox
BP Patel (INDIA),6.247844,BP Patel
JH Edrich (ENG),6.222048006,JH Edrich
RJ Peterson (SA),6.2218491,RJ Peterson
Zahoor Elahi (PAK),6.2210577,Zahoor Elahi
MRJ Veletta (AUS),6.210327706,MRJ Veletta
R McLaren (SA),6.1732552,R McLaren
SB Joshi (INDIA),6.163498206,SB Joshi
STR Binny (INDIA),6.1554189,STR Binny
AG Cremer (ZIM),6.143677906,AG Cremer
Abdur Razzak (BDESH),6.1417507,Abdur Razzak
MH Dekker (ZIM),6.129534806,MH Dekker
LE Plunkett (ENG),6.115812,LE Plunkett
Saad Nasim (PAK),6.108522206,Saad Nasim
M Vijay (INDIA),6.1079889,M Vijay
PA Jaques (AUS),6.1076172,PA Jaques
JR Ratnayeke (SL),6.082065406,JR Ratnayeke
GR Viswanath (INDIA),6.0809129,GR Viswanath
Mohammad Mithun (BDESH),6.0797341,Mohammad Mithun
Sadiq Mohammad (PAK),6.074080106,Sadiq Mohammad
SMA Priyanjan (SL),6.0621295,SMA Priyanjan
AO Malhotra (INDIA),6.0522185,AO Malhotra
KC Brathwaite (WI),6.0383505,KC Brathwaite
GH Dockrell (IRE),6.036483306,GH Dockrell
Hasan Raza (PAK),6.024116006,Hasan Raza
WM Darling (AUS),6.014691506,WM Darling
Asif Iqbal (PAK),6.0072491,Asif Iqbal
RA Harper (WI),6.0003388,RA Harper
RB Kerr (AUS),5.991620906,RB Kerr
Manzoor Elahi (PAK),5.980301906,Manzoor Elahi
TAM Siriwardana (SL),5.9709508,TAM Siriwardana
WS Jayantha (SL),5.966542606,WS Jayantha
TG Southee (NZ),5.9655994,TG Southee
P Willey (ENG),5.9652962,P Willey
JA McCollum (IRE),5.963663406,JA McCollum
AC Botha (IRE),5.924682406,AC Botha
CH Morris (SA),5.9189023,CH Morris
GS Ballance (ENG),5.8819844,GS Ballance
DT Johnston (IRE),5.877271306,DT Johnston
Waqar Younis (PAK),5.8741155,Waqar Younis
Hazratullah Zazai (AFG),5.8615286,Hazratullah Zazai
C White (ENG),5.829927,C White
MC Snedden (NZ),5.821051506,MC Snedden
GJ Cosier (AUS),5.814295606,GJ Cosier
Wahab Riaz (PAK),5.813944,Wahab Riaz
IJ Harvey (AUS),5.8039776,IJ Harvey
AD Poynter (IRE),5.789883806,AD Poynter
GS Blewett (AUS),5.7812267,GS Blewett
Mohammad Amir (PAK),5.7580325,Mohammad Amir
DP Viljoen (ZIM),5.7570501,DP Viljoen
JWM Dalrymple (ENG),5.754867606,JWM Dalrymple
JP Crawley (ENG),5.7438649,JP Crawley
RT Latham (NZ),5.7434763,RT Latham
KM Curran (ZIM),5.7429564,KM Curran
AJ Bichel (AUS),5.735505,AJ Bichel
JL Carter (WI),5.718070706,JL Carter
LJ Wright (ENG),5.7033781,LJ Wright
GRJ Matthews (AUS),5.689599306,GRJ Matthews
RP Snell (SA),5.657873606,RP Snell
DJM Short (AUS),5.6365923,DJM Short
AH Omarshah (ZIM),5.630650006,AH Omarshah
KD Walters (AUS),5.627734706,KD Walters
AD Gaekwad (INDIA),5.621538306,AD Gaekwad
BR Hartland (NZ),5.619116006,BR Hartland
RMH Binny (INDIA),5.6104493,RMH Binny
Hannan Sarkar (BDESH),5.604704006,Hannan Sarkar
GD Barlow (ENG),5.6042473,GD Barlow
AK Sharma (INDIA),5.593349,AK Sharma
ML Udawatte (SL),5.563801,ML Udawatte
MA Ealham (ENG),5.5637866,MA Ealham
LV Garrick (WI),5.558503106,LV Garrick
WD Parnell (SA),5.5581729,WD Parnell
MJ Cosgrove (AUS),5.5447155,MJ Cosgrove
DAG Fletcher (ZIM),5.537579706,DAG Fletcher
HP Rinke (ZIM),5.519535506,HP Rinke
MH Denness (ENG),5.517038,MH Denness
SRD Wettimuny (SL),5.516391206,SRD Wettimuny
RB Reid (NZ),5.4605035,RB Reid
SL Malinga (SL),5.451805,SL Malinga
KR Stackpole (AUS),5.449742706,KR Stackpole
DG Brownlie (NZ),5.438610606,DG Brownlie
PR Reiffel (AUS),5.433794306,PR Reiffel
Mosaddek Hossain (BDESH),5.4284392,Mosaddek Hossain
I Udana (SL),5.4279267,I Udana
AMJ Hilditch (AUS),5.422857606,AMJ Hilditch
Saadat Ali (PAK),5.396295406,Saadat Ali
BT Foakes (ENG),5.3960986,BT Foakes
RD Robinson (AUS),5.395733306,RD Robinson
B Kumar (INDIA),5.3787152,B Kumar
TJ Laughlin (AUS),5.367829106,TJ Laughlin
Sohail Tanvir (PAK),5.3606371,Sohail Tanvir
DM Benkenstein (SA),5.357551606,DM Benkenstein
DJ Willey (ENG),5.3338369,DJ Willey
RS Sodhi (INDIA),5.313159806,RS Sodhi
Mansoor Akhtar (PAK),5.312812406,Mansoor Akhtar
EA Brandes (ZIM),5.310249606,EA Brandes
Shafiqullah (AFG),5.2908729,Shafiqullah
DW Steyn (Afr/SA),5.2773684,DW Steyn
J Botha (Afr/SA),5.271475606,J Botha
GB Brent (ZIM),5.2686345,GB Brent
PJ Ingram (NZ),5.260535806,PJ Ingram
MH Yardy (ENG),5.2528416,MH Yardy
S Abid Ali (INDIA),5.248110406,S Abid Ali
MA Holding (WI),5.243783,MA Holding
S Ranatunga (SL),5.2436649,S Ranatunga
D Gough (ENG/ICC),5.242483,D Gough
BC Hollioake (ENG),5.235256,BC Hollioake
BM Duckett (ENG),5.2289712,BM Duckett
RA Jones (NZ),5.2216366,RA Jones
SS Pathirana (SL),5.1876248,SS Pathirana
AL Wadekar (INDIA),5.1815871,AL Wadekar
LG Howell (NZ),5.177141506,LG Howell
JM Parker (NZ),5.173284206,JM Parker
DT Tiripano (ZIM),5.1725938,DT Tiripano
RG de Alwis (SL),5.1606852,RG de Alwis
B Warnapura (SL),5.153551606,B Warnapura
Z Khan (Asia/INDIA),5.1514856,Z Khan
Manjural Islam Rana (BDESH),5.149186406,Manjural Islam Rana
DM Richards (WI),5.1413941,DM Richards
CL Smith (ENG),5.1313551,CL Smith
Al Sahariar (BDESH),5.129383406,Al Sahariar
KS Lokuarachchi (SL),5.112807406,KS Lokuarachchi
Shahid Mahboob (PAK),5.1083424,Shahid Mahboob
T Thushara (SL),5.106945406,T Thushara
Khalid Latif (PAK),5.102932606,Khalid Latif
A Kumble (Asia/INDIA),5.0938366,A Kumble
CS Baugh (WI),5.088854206,CS Baugh
S Lee (AUS),5.086449,S Lee
Nafees Iqbal (BDESH),5.079089906,Nafees Iqbal
DJ Nash (NZ),5.0788368,DJ Nash
TK Musakanda (ZIM),5.048554706,TK Musakanda
MD Moxon (ENG),5.0461483,MD Moxon
Hasan Ali (PAK),5.0445096,Hasan Ali
Bazid Khan (PAK),5.019541506,Bazid Khan
TN Madondo (ZIM),5.004947906,TN Madondo
Asif Ali (PAK),4.9997212,Asif Ali
Mahbubul Alam (BDESH),4.993274706,Mahbubul Alam
EH Mattis (WI),4.981084506,EH Mattis
PL Taylor (AUS),4.9798695,PL Taylor
Ihsanullah (AFG),4.958090606,Ihsanullah
AR Nurse (WI),4.9575935,AR Nurse
Azam Khan (PAK),4.951499206,Azam Khan
Aamer Yamin (PAK),4.949314206,Aamer Yamin
FY Fazal (INDIA),4.945463506,FY Fazal
Abdul Qadir (PAK),4.945150906,Abdul Qadir
S Amarnath (INDIA),4.943483606,S Amarnath
Nasir Jamal (AFG),4.935450306,Nasir Jamal
Saqlain Mushtaq (PAK),4.9156888,Saqlain Mushtaq
S Madan Lal (INDIA),4.9142487,S Madan Lal
DL Murray (WI),4.902931106,DL Murray
MR Ramprakash (ENG),4.9006171,MR Ramprakash
S Randiv (SL),4.8924669,S Randiv
N Chopra (INDIA),4.8907514,N Chopra
SCJ Broad (ENG),4.8904721,SCJ Broad
AM Bacher (SA),4.889957506,AM Bacher
Y Venugopal Rao (INDIA),4.8856405,Y Venugopal Rao
JA Burns (AUS),4.8725924,JA Burns
KM Dabengwa (ZIM),4.869248806,KM Dabengwa
Mehidy Hasan Miraz (BDESH),4.86076,Mehidy Hasan Miraz
AJ Pycroft (ZIM),4.859729606,AJ Pycroft
APB Tennekoon (SL),4.858510706,APB Tennekoon
RC Russell (ENG),4.855328,RC Russell
Naimur Rahman (BDESH),4.852627806,Naimur Rahman
Haroon Rasheed (PAK),4.839609206,Haroon Rasheed
HH Kanitkar (INDIA),4.8384381,HH Kanitkar
Umar Amin (PAK),4.8291743,Umar Amin
MD Bell (NZ),4.824944106,MD Bell
Dawlat Zadran (AFG),4.8242675,Dawlat Zadran
GR Larsen (NZ),4.817858306,GR Larsen
RJ Ratnayake (SL),4.810593906,RJ Ratnayake
ADS Fletcher (WI),4.7931778,ADS Fletcher
GH Worker (NZ),4.787329506,GH Worker
S Chattergoon (WI),4.779823506,S Chattergoon
MA Carberry (ENG),4.7749013,MA Carberry
Younis Ahmed (PAK),4.772894106,Younis Ahmed
TRO Payne (WI),4.766640906,TRO Payne
MA Starc (AUS),4.7622556,MA Starc
DR Pringle (ENG),4.7621789,DR Pringle
JW Hastings (AUS),4.7577386,JW Hastings
SKL de Silva (SL),4.7573701,SKL de Silva
BC Rose (ENG),4.750981306,BC Rose
NM Hauritz (AUS),4.7458747,NM Hauritz
JG Bracewell (NZ),4.745614906,JG Bracewell
AJ Woodcock (AUS),4.739846906,AJ Woodcock
SS Karim (INDIA),4.7398154,SS Karim
MSK Prasad (INDIA),4.7364292,MSK Prasad
KS More (INDIA),4.7170587,KS More
RP Burl (ZIM),4.7149166,RP Burl
Mohammad Saifuddin (BDESH),4.7025655,Mohammad Saifuddin
Shadab Khan (PAK),4.6928493,Shadab Khan
JE Morris (ENG),4.691695106,JE Morris
CO Browne (WI),4.689607206,CO Browne
M Muralitharan (Asia/ICC/SL),4.6893866,M Muralitharan
AP Devcich (NZ),4.679898606,AP Devcich
Mirwais Ashraf (AFG),4.668470606,Mirwais Ashraf
JM Vince (ENG),4.6659556,JM Vince
Afsar Zazai (AFG),4.658460806,Afsar Zazai
RC Irani (ENG),4.6570427,RC Irani
V Rathour (INDIA),4.651373,V Rathour
Farhad Reza (BDESH),4.6493647,Farhad Reza
P Kumar (INDIA),4.6479131,P Kumar
TK Curran (ENG),4.6478403,TK Curran
TE Blain (NZ),4.6313136,TE Blain
WK McCallan (IRE),4.630057406,WK McCallan
Tahir Naqqash (PAK),4.625405606,Tahir Naqqash
Mushtaq Mohammad (PAK),4.625177906,Mushtaq Mohammad
AR Adams (NZ),4.6161517,AR Adams
RN Lewis (WI),4.603962806,RN Lewis
KJ Arnott (ZIM),4.593052606,KJ Arnott
Mehrab Hossain jnr (BDESH),4.582619806,Mehrab Hossain jnr
DJ Capel (ENG),4.5635086,DJ Capel
RB Kanhai (WI),4.562463606,RB Kanhai
DAJ Bracewell (NZ),4.549292206,DAJ Bracewell
AD Mascarenhas (ENG),4.5434813,AD Mascarenhas
SMH Kirmani (INDIA),4.5303555,SMH Kirmani
PA Nixon (ENG),4.5299249,PA Nixon
LG Rowe (WI),4.499181206,LG Rowe
IP Butchart (ZIM),4.499037806,IP Butchart
RW Price (ZIM),4.497621006,RW Price
K Zondo (SA),4.488168806,K Zondo
JFM Morrison (NZ),4.487442706,JFM Morrison
Mohammad Sami (PAK),4.4866838,Mohammad Sami
Jai P Yadav (INDIA),4.4863185,Jai P Yadav
Mushfiqur Rahman (BDESH),4.4850437,Mushfiqur Rahman
Naved-ul-Hasan (PAK),4.4812211,Naved-ul-Hasan
SC Joseph (WI),4.472505006,SC Joseph
NO Perry (WI),4.466414406,NO Perry
DN Crookes (SA),4.465868306,DN Crookes
GAHM Parkar (INDIA),4.464916806,GAHM Parkar
Sanwar Hossain (BDESH),4.463693606,Sanwar Hossain
RE van der Merwe (NL/SA),4.442886406,RE van der Merwe
CM Old (ENG),4.4357758,CM Old
Jahurul Islam (BDESH),4.4201097,Jahurul Islam
NO Miller (WI),4.419871906,NO Miller
CEL Ambrose (WI),4.4177757,CEL Ambrose
S Samarawickrama (SL),4.413440206,S Samarawickrama
GM Strydom (ZIM),4.407487206,GM Strydom
GH Bodi (SA),4.407176606,GH Bodi
NAM McLean (WI),4.394623706,NAM McLean
DS Weerakkody (SL),4.383996906,DS Weerakkody
MG Burgess (NZ),4.370402306,MG Burgess
ASA Perera (SL),4.367131606,ASA Perera
FM Engineer (INDIA),4.361396506,FM Engineer
PM Toohey (AUS),4.356054306,PM Toohey
DNT Zoysa (SL),4.3535841,DNT Zoysa
V Pollard (NZ),4.335932,V Pollard
SJ Rhodes (ENG),4.331727206,SJ Rhodes
Anwar Ali (PAK),4.3313506,Anwar Ali
Shahzaib Hasan (PAK),4.3153583,Shahzaib Hasan
SE Findlay (WI),4.299248406,SE Findlay
KMA Paul (WI),4.294576006,KMA Paul
AF Giles (ENG),4.2874057,AF Giles
JE Emburey (ENG),4.2812645,JE Emburey
ML Nkala (ZIM),4.281245806,ML Nkala
AN Ranasinghe (SL),4.281009706,AN Ranasinghe
SC Khanna (INDIA),4.269181006,SC Khanna
AJ Redmond (NZ),4.265915706,AJ Redmond
AC Bedade (INDIA),4.255427206,AC Bedade
Mohammad Nawaz (3) (PAK),4.253707106,Mohammad Nawaz
GP Swann (ENG),4.2426101,GP Swann
Faruk Ahmed (BDESH),4.242201506,Faruk Ahmed
SB Bangar (INDIA),4.2421541,SB Bangar
PD McGlashan (NZ),4.237038106,PD McGlashan
LJ Tucker (IRE),4.228514806,LJ Tucker
RS Haire (IRE),4.219135606,RS Haire
Umar Gul (PAK),4.2156398,Umar Gul
MG Vandort (SL),4.2140822,MG Vandort
Shoaib Akhtar (Asia/ICC/PAK),4.2125903,Shoaib Akhtar
MW Alleyne (ENG),4.2023531,MW Alleyne
RS Gavaskar (INDIA),4.1815922,RS Gavaskar
V Shankar (INDIA),4.1780765,V Shankar
FA Allen (WI),4.170465906,FA Allen
AR Khurasiya (INDIA),4.159868406,AR Khurasiya
A Dananjaya (SL),4.1459735,A Dananjaya
FC Hayes (ENG),4.144866506,FC Hayes
DL Maddy (ENG),4.141744406,DL Maddy
PA Browne (WI),4.129365506,PA Browne
AW Greig (ENG),4.1213976,AW Greig
Simi Singh (IRE),4.1124356,Simi Singh
TA Lloyd (ENG),4.1111057,TA Lloyd
TE Jesty (ENG),4.1063008,TE Jesty
S Sriram (INDIA),4.104265,S Sriram
V Dahiya (INDIA),4.093178806,V Dahiya
RR Powar (INDIA),4.0697109,RR Powar
MH Tissera (SL),4.049882506,MH Tissera
ALF de Mel (SL),4.049185006,ALF de Mel
APE Knott (ENG),4.0479467,APE Knott
JM Wiener (AUS),4.044747906,JM Wiener
RJ Bailey (ENG),4.0322879,RJ Bailey
Azhar Hossain (BDESH),4.029130806,Azhar Hossain
CJ McDermott (AUS),4.028273,CJ McDermott
OD Gibson (WI),4.0100787,OD Gibson
PWH de Silva (SL),3.992457106,PWH de Silva
AV Mankad (INDIA),3.989735206,AV Mankad
IR Bishop (WI),3.9694159,IR Bishop
A McGrath (ENG),3.9578722,A McGrath
K Weeraratne (SL),3.955638806,K Weeraratne
DS de Silva (SL),3.9492759,DS de Silva
Shan Masood (PAK),3.941416406,Shan Masood
JN Gillespie (AUS),3.9407683,JN Gillespie
MJ Henry (NZ),3.93732,MJ Henry
AP Sheahan (AUS),3.935738706,AP Sheahan
RO Butcher (ENG),3.9325063,RO Butcher
VJ Marks (ENG),3.9257276,VJ Marks
SP Narine (WI),3.9242941,SP Narine
Nurul Hasan (BDESH),3.9218054,Nurul Hasan
LM Jongwe (ZIM),3.899477706,LM Jongwe
AC Agar (AUS),3.89138,AC Agar
MB Loye (ENG),3.8904287,MB Loye
CC Lewis (ENG),3.8880078,CC Lewis
Mushtaq Ahmed (PAK),3.881138506,Mushtaq Ahmed
KA Hope (WI),3.878256606,KA Hope
D Pretorius (SA),3.877871906,D Pretorius
SMSM Senanayake (SL),3.8748714,SMSM Senanayake
JE Taylor (WI),3.8677516,JE Taylor
CJ Richards (ENG),3.8635613,CJ Richards
Aaqib Javed (PAK),3.862456406,Aaqib Javed
GJ Hopkins (NZ),3.861487706,GJ Hopkins
PR Downton (ENG),3.858865806,PR Downton
GRJ Roope (ENG),3.858534706,GRJ Roope
DP Samaraweera (SL),3.857833306,DP Samaraweera
C Zhuwao (ZIM),3.857623506,C Zhuwao
TD Astle (NZ),3.844275806,TD Astle
CPS Chauhan (INDIA),3.840962206,CPS Chauhan
GJ Crocker (ZIM),3.833287206,GJ Crocker
DT Christian (AUS),3.8143612,DT Christian
KO Meth (ZIM),3.777107106,KO Meth
Nazimuddin (BDESH),3.7612972,Nazimuddin
BOP Fernando (SL),3.7597605,BOP Fernando
BA Parchment (WI),3.754165106,BA Parchment
DK Liyanage (SL),3.752662506,DK Liyanage
R Murray (ZIM),3.7500387,R Murray
JW Wilson (NZ),3.7481656,JW Wilson
Tapash Baisya (BDESH),3.7319563,Tapash Baisya
Shahid Saeed (PAK),3.722909106,Shahid Saeed
Anwar Hossain (BDESH),3.710278406,Anwar Hossain
TJ Zoehrer (AUS),3.707604206,TJ Zoehrer
RS Gabriel (WI),3.703512706,RS Gabriel
SR Thompson (IRE),3.689062206,SR Thompson
Manzoor Akhtar (PAK),3.687278706,Manzoor Akhtar
SW Masakadza (ZIM),3.678950306,SW Masakadza
KBJ Azad (INDIA),3.6736625,KBJ Azad
PE McEwan (NZ),3.655975406,PE McEwan
M van Jaarsveld (SA),3.6555907,M van Jaarsveld
CD Cumming (NZ),3.652748706,CD Cumming
CS Serjeant (AUS),3.645027306,CS Serjeant
DA Reeve (ENG),3.644043906,DA Reeve
CS Cowdrey (ENG),3.6371746,CS Cowdrey
VB Chandrasekhar (INDIA),3.6197052,VB Chandrasekhar
IDR Bradshaw (WI),3.618247806,IDR Bradshaw
GC Dyer (AUS),3.607202406,GC Dyer
J Anderson (IRE),3.605451406,J Anderson
PJ Cummins (AUS),3.5995977,PJ Cummins
JJ Martin (INDIA),3.584461206,JJ Martin
RK Kleinveldt (SA),3.584049606,RK Kleinveldt
IJ Gould (ENG),3.583961706,IJ Gould
DR Tuffey (NZ),3.583393906,DR Tuffey
LR Johnson (WI),3.581985906,LR Johnson
DK Lillee (AUS),3.57984,DK Lillee
J Arun Lal (INDIA),3.5755488,J Arun Lal
BA King (WI),3.5752104,BA King
Sami Aslam (PAK),3.5658826,Sami Aslam
KM Jarvis (ZIM),3.5654407,KM Jarvis
RDB Croft (ENG),3.5651967,RDB Croft
GF Lawson (AUS),3.563026906,GF Lawson
AR Patel (INDIA),3.5621936,AR Patel
Ijaz Faqih (PAK),3.554339106,Ijaz Faqih
GP Wickramasinghe (SL),3.553524406,GP Wickramasinghe
PC de Silva (SL),3.5513612,PC de Silva
JJ Whitaker (ENG),3.550948306,JJ Whitaker
CA Lynn (AUS),3.5491736,CA Lynn
SHU Karnain (SL),3.548576106,SHU Karnain
AFG Griffith (WI),3.544338206,AFG Griffith
D Wiese (SA),3.5434509,D Wiese
JL Langer (AUS),3.5417818,JL Langer
Ziaur Rahman (BDESH),3.534135106,Ziaur Rahman
TS Roland-Jones (ENG),3.532925906,TS Roland-Jones
KAJ Roach (WI),3.5040717,KAJ Roach
BP Julian (AUS),3.498216,BP Julian
GN Edwards (NZ),3.495703406,GN Edwards
J Garner (WI),3.4784518,J Garner
DC Thomas (WI),3.472582706,DC Thomas
DBL Powell (WI),3.472010406,DBL Powell
Shahid Anwar (PAK),3.470250806,Shahid Anwar
M Ntini (ICC/SA),3.4686447,M Ntini
G Miller (ENG),3.4674302,G Miller
GM Ewing (ZIM),3.467128906,GM Ewing
Dolar Mahmud (BDESH),3.450165206,Dolar Mahmud
CS Pandit (INDIA),3.441895906,CS Pandit
SE Bond (NZ),3.4358944,SE Bond
M Bhanuka (SL),3.419198906,M Bhanuka
DR Flynn (NZ),3.416392206,DR Flynn
JD Love (ENG),3.4109494,JD Love
DB Close (ENG),3.4059894,DB Close
SI de Saram (SL),3.405085606,SI de Saram
WKM Benjamin (WI),3.400393806,WKM Benjamin
K Rabada (SA),3.3931697,K Rabada
AR Caddick (ENG),3.3904233,AR Caddick
R Vijay Bharadwaj (INDIA),3.387586906,R Vijay Bharadwaj
MG Burmester (ZIM),3.384692406,MG Burmester
TS Chisoro (ZIM),3.370486506,TS Chisoro
FL Reifer (WI),3.363120806,FL Reifer
SG Davies (ZIM),3.3591242,SG Davies
VJ Wells (ENG),3.348781206,VJ Wells
Humayun Farhat (PAK),3.344151306,Humayun Farhat
Saeed Ajmal (PAK),3.3436766,Saeed Ajmal
KH MacLeay (AUS),3.342249506,KH MacLeay
CA Walsh (WI),3.3379287,CA Walsh
Raees Ahmadzai (AFG),3.332966206,Raees Ahmadzai
MP Maynard (ENG),3.3320313,MP Maynard
R Clarke (ENG),3.3268566,R Clarke
GFJ Liebenberg (SA),3.322906206,GFJ Liebenberg
RJ Campbell (AUS),3.3215854,RJ Campbell
BF Hastings (NZ),3.319859006,BF Hastings
AME Roberts (WI),3.319042,AME Roberts
Shaheedur Rahman (BDESH),3.318569906,Shaheedur Rahman
CT Mutombodzi (ZIM),3.304541306,CT Mutombodzi
GF Labrooy (SL),3.301531306,GF Labrooy
FA Rose (WI),3.3009818,FA Rose
BM Wheeler (NZ),3.284579906,BM Wheeler
CJ Adams (ENG),3.283258,CJ Adams
JN Snape (ENG),3.282557,JN Snape
JL Ontong (Afr/SA),3.281911006,JL Ontong
CJ Jordan (ENG),3.2785129,CJ Jordan
T Maruma (ZIM),3.277678806,T Maruma
SK Ranasinghe (SL),3.249854306,SK Ranasinghe
DP Hyatt (WI),3.241303606,DP Hyatt
Enamul Haque (BDESH),3.239079506,Enamul Haque
GA Lamb (ZIM),3.236467,GA Lamb
AF Milne (NZ),3.2359641,AF Milne
EJ Gray (NZ),3.234531906,EJ Gray
M Morkel (Afr/SA),3.233627,M Morkel
J Louw (SA),3.227503606,J Louw
Mohammad Hussain (PAK),3.218576206,Mohammad Hussain
Shakeel Ahmed jnr (PAK),3.214582406,Shakeel Ahmed jnr
ERNS Fernando (SL),3.214498406,ERNS Fernando
Aamer Hanif (PAK),3.204934206,Aamer Hanif
BB Chari (ZIM),3.195970706,BB Chari
CM Kuggeleijn (NZ),3.1938437,CM Kuggeleijn
JJ van der Wath (SA),3.192271306,JJ van der Wath
DE Bernard (WI),3.178037706,DE Bernard
Bilawal Bhatti (PAK),3.1663026,Bilawal Bhatti
KK Nair (INDIA),3.1544747,KK Nair
PG Coman (NZ),3.136146806,PG Coman
CMW Read (ENG),3.1351337,CMW Read
PS Masvaure (ZIM),3.130708506,PS Masvaure
LR Williams (WI),3.118243506,LR Williams
ARC Fraser (ENG),3.1127808,ARC Fraser
T Panyangara (ZIM),3.100868006,T Panyangara
MR Adair (IRE),3.1000669,MR Adair
Iftikhar Anjum (PAK),3.100034906,Iftikhar Anjum
Wasim Bari (PAK),3.0990247,Wasim Bari
Sohail Fazal (PAK),3.095091006,Sohail Fazal
Sarfraz Nawaz (PAK),3.0900405,Sarfraz Nawaz
Taijul Islam (BDESH),3.0885441,Taijul Islam
SW Poynter (IRE),3.086770306,SW Poynter
A Maregwede (ZIM),3.082962706,A Maregwede
Y Goonasekera (SL),3.080843306,Y Goonasekera
EAE Baptiste (WI),3.0794024,EAE Baptiste
D Elgar (SA),3.0786675,D Elgar
BP Nash (WI),3.0785825,BP Nash
JD Siddons (AUS),3.076978706,JD Siddons
GB Troup (NZ),3.070701306,GB Troup
C Pringle (NZ),3.049998806,C Pringle
MV Fleming (ENG),3.032350406,MV Fleming
KTGD Prasad (SL),3.0277585,KTGD Prasad
MJ McClenaghan (NZ),3.0247086,MJ McClenaghan
Shuvagata Hom (BDESH),3.0076479,Shuvagata Hom
R Strydom (IRE),3.003795306,R Strydom
JM Anderson (ENG),2.9884526,JM Anderson
Ghulam Ali (PAK),2.983952706,Ghulam Ali
Bilal Asif (PAK),2.9821737,Bilal Asif
SS Tiwary (INDIA),2.96981,SS Tiwary
SJ Benn (WI),2.9649563,SJ Benn
Akram Raza (PAK),2.961643406,Akram Raza
MW Rushmere (SA),2.952486106,MW Rushmere
G Cook (ENG),2.9523321,G Cook
JTC Vaughan (NZ),2.940667506,JTC Vaughan
AM Ellis (NZ),2.937356806,AM Ellis
HMCM Bandara (SL),2.934492106,HMCM Bandara
Hasan Jamil (PAK),2.933765906,Hasan Jamil
Kabir Ali (ENG),2.9316571,Kabir Ali
Kamran Hussain (PAK),2.929827206,Kamran Hussain
RK Chauhan (INDIA),2.9286059,RK Chauhan
WK Lees (NZ),2.926714206,WK Lees
MDK Perera (SL),2.9255318,MDK Perera
Sohag Gazi (BDESH),2.9239918,Sohag Gazi
A Nel (SA),2.92341,A Nel
JC Tredwell (ENG),2.9180685,JC Tredwell
D Langford-Smith (IRE),2.912154506,D Langford-Smith
RD Brown (ZIM),2.905948206,RD Brown
T Mupariwa (ZIM),2.905277106,T Mupariwa
RG Samuels (WI),2.9040581,RG Samuels
RAS Lakmal (SL),2.8993529,RAS Lakmal
SJ Cook (SA),2.890460606,SJ Cook
Iftikhar Ahmed (PAK),2.882757406,Iftikhar Ahmed
ST Finn (ENG),2.8819278,ST Finn
MC Sorensen (IRE),2.880296306,MC Sorensen
NMK Smith (ENG),2.879643406,NMK Smith
Hammad Azam (PAK),2.8771266,Hammad Azam
OAC Banks (WI),2.876222,OAC Banks
Faheem Ashraf (PAK),2.8705027,Faheem Ashraf
KD Boyce (WI),2.869953106,KD Boyce
DG Cork (ENG),2.8622612,DG Cork
RM West (IRE),2.853136706,RM West
CJ McKay (AUS),2.8471857,CJ McKay
WN Slack (ENG),2.8445938,WN Slack
MV Nagamootoo (WI),2.838175906,MV Nagamootoo
MP Bicknell (ENG),2.836358,MP Bicknell
M Kartik (INDIA),2.8304458,M Kartik
M Yachad (SA),2.829708406,M Yachad
Anil Dalpat (PAK),2.829467606,Anil Dalpat
MF Kent (AUS),2.828696306,MF Kent
DW Fleming (AUS),2.814800606,DW Fleming
VD Philander (SA),2.8088229,VD Philander
Dhiman Ghosh (BDESH),2.806965706,Dhiman Ghosh
V Yadav (INDIA),2.8040392,V Yadav
Hasti Gul (AFG),2.801420806,Hasti Gul
Yasir Shah (PAK),2.7940253,Yasir Shah
JA Richardson (AUS),2.789751,JA Richardson
D Williams (WI),2.7670014,D Williams
JA Rennie (ZIM),2.764169906,JA Rennie
BCJ Cutting (AUS),2.735151,BCJ Cutting
DR Parry (WI),2.734240106,DR Parry
Sayed Shirzad (AFG),2.732976406,Sayed Shirzad
C Hemraj (WI),2.729859606,C Hemraj
GJ Gilmour (AUS),2.722126806,GJ Gilmour
BJ Diamanti (NZ),2.7213398,BJ Diamanti
Abdur Rehman (PAK),2.714994806,Abdur Rehman
CP Senanayake (SL),2.713974006,CP Senanayake
PR Adams (SA),2.7035242,PR Adams
BR Blair (NZ),2.700685606,BR Blair
TS Kamunhukamwe (ZIM),2.695855306,TS Kamunhukamwe
JS Patel (NZ),2.6937754,JS Patel
HK Olonga (ZIM),2.686991706,HK Olonga
Mohammad Hasnain (PAK),2.6794955,Mohammad Hasnain
CPH Ramanayake (SL),2.667411306,CPH Ramanayake
PARP Perera (SL),2.663498806,PARP Perera
GR Dilley (ENG),2.6394781,GR Dilley
Saeed Azad (PAK),2.635493006,Saeed Azad
Sajid Ali (PAK),2.6253596,Sajid Ali
AIC Dodemaide (AUS),2.6250678,AIC Dodemaide
Imran Tahir (SA),2.6243947,Imran Tahir
LJ Koen (SA),2.620903106,LJ Koen
WR James (ZIM),2.617041906,WR James
Arshad Ayub (INDIA),2.612741906,Arshad Ayub
D Bishoo (WI),2.6039785,D Bishoo
EO Simons (SA),2.603591406,EO Simons
Naved Anjum (PAK),2.602526606,Naved Anjum
DL Bairstow (ENG),2.602296106,DL Bairstow
DE Bollinger (AUS),2.5914799,DE Bollinger
VR Brown (NZ),2.589820106,VR Brown
AS Joseph (WI),2.5885213,AS Joseph
Joginder Sharma (INDIA),2.5704632,Joginder Sharma
WM Lawry (AUS),2.567391,WM Lawry
AR Whittall (ZIM),2.560536806,AR Whittall
AK Perera (SL),2.5547465,AK Perera
LHD Dilhara (SL),2.554353606,LHD Dilhara
DJ Gandhi (INDIA),2.533146406,DJ Gandhi
R Telemachus (SA),2.519337406,R Telemachus
CR Matthews (SA),2.516233,CR Matthews
VA Holder (WI),2.513522806,VA Holder
JA Jameson (ENG),2.5058817,JA Jameson
MR Gillespie (NZ),2.5012041,MR Gillespie
NM Lyon (AUS),2.4842347,NM Lyon
A Ratra (INDIA),2.479095506,A Ratra
MJ Smith (ENG),2.4700072,MJ Smith
SJ Palframan (SA),2.451588406,SJ Palframan
Adnan Akmal (PAK),2.4511826,Adnan Akmal
SB Doull (NZ),2.448398706,SB Doull
Yasir Arafat (PAK),2.4483197,Yasir Arafat
SN Thakur (INDIA),2.4466747,SN Thakur
Mohammed Shami (INDIA),2.4434026,Mohammed Shami
RJ Sidebottom (ENG),2.4411355,RJ Sidebottom
B Yardley (AUS),2.439905706,B Yardley
MW Douglas (NZ),2.432854006,MW Douglas
HR Walsh (USA/WI),2.4283558,HR Walsh
DH Brain (ZIM),2.4218962,DH Brain
TL Chatara (ZIM),2.417086906,TL Chatara
ST Banerjee (INDIA),2.4147976,ST Banerjee
DJ Malan (ENG),2.4119,DJ Malan
KDK Vithanage (SL),2.4005913,KDK Vithanage
M Dillon (WI),2.3979203,M Dillon
BAW Mendis (SL),2.3952578,BAW Mendis
TJ Murtagh (IRE),2.3952138,TJ Murtagh
A Mithun (INDIA),2.3916192,A Mithun
R Vinay Kumar (INDIA),2.391154,R Vinay Kumar
DA Murray (WI),2.387266306,DA Murray
CRD Fernando (Asia/SL),2.3871356,CRD Fernando
PC Strydom (SA),2.386352506,PC Strydom
GB Stevenson (ENG),2.3848608,GB Stevenson
Akhtar Sarfraz (PAK),2.382778506,Akhtar Sarfraz
Tauseef Ahmed (PAK),2.371152906,Tauseef Ahmed
Shafiq Ahmed (PAK),2.371127006,Shafiq Ahmed
BKV Prasad (INDIA),2.364244006,BKV Prasad
KED Carroll (IRE),2.362691406,KED Carroll
MS Kasprowicz (AUS),2.3569654,MS Kasprowicz
AC Dawson (SA),2.351343706,AC Dawson
SS Das (INDIA),2.351151306,SS Das
NW Bracken (AUS),2.3500916,NW Bracken
JV Paranjpe (INDIA),2.3489374,JV Paranjpe
MLC Foster (WI),2.347681106,MLC Foster
S Badrinath (INDIA),2.3473273,S Badrinath
SK Sharma (INDIA),2.343883406,SK Sharma
SM Warnapura (SL),2.3430111,SM Warnapura
C Jonker (SA),2.341103206,C Jonker
N Pothas (SA),2.3368233,N Pothas
KW Richardson (AUS),2.3343,KW Richardson
GA Paterson (ZIM),2.328908006,GA Paterson
NA Foster (ENG),2.3207767,NA Foster
PWE Rawson (ZIM),2.320130306,PWE Rawson
BD Julien (WI),2.315536906,BD Julien
TL Seifert (NZ),2.311560106,TL Seifert
RM Hogg (AUS),2.305880206,RM Hogg
RW Taylor (ENG),2.303603506,RW Taylor
Imran Abbas (PAK),2.3015183,Imran Abbas
AE Greenidge (WI),2.292946806,AE Greenidge
DS Kulkarni (INDIA),2.2923162,DS Kulkarni
JR Thomson (AUS),2.271791306,JR Thomson
K Pierre (WI),2.266668506,K Pierre
MR Benson (ENG),2.2639657,MR Benson
TA Boult (NZ),2.2618798,TA Boult
TR Gripper (ZIM),2.259776706,TR Gripper
RM Ellison (ENG),2.2532798,RM Ellison
A Nehra (Asia/INDIA),2.2469791,A Nehra
RP Singh (INDIA),2.2342917,RP Singh
IT Shillingford (WI),2.218199306,IT Shillingford
Azmat Rana (PAK),2.217419206,Azmat Rana
TG Hogan (AUS),2.217371706,TG Hogan
Hasibul Hossain (BDESH),2.2172993,Hasibul Hossain
IS Sodhi (NZ),2.2117618,IS Sodhi
RB Simpson (AUS),2.2116312,RB Simpson
GE Bradburn (NZ),2.210812406,GE Bradburn
S Elworthy (SA),2.204130906,S Elworthy
JDF Vandersay (SL),2.2019547,JDF Vandersay
IG Butler (NZ),2.2008444,IG Butler
PS de Villiers (SA),2.1912528,PS de Villiers
JH Hampshire (ENG),2.1862141,JH Hampshire
Tanvir Ahmed (PAK),2.180965906,Tanvir Ahmed
D Dasgupta (INDIA),2.176596806,D Dasgupta
ELR Stewart (SA),2.176044706,ELR Stewart
CA Pujara (INDIA),2.1743953,CA Pujara
L Balaji (INDIA),2.1687684,L Balaji
EAR de Silva (SL),2.164944506,EAR de Silva
TK Canning (NZ),2.164526206,TK Canning
MG Hughes (AUS),2.1565482,MG Hughes
ER Fernando (SL),2.154842806,ER Fernando
Shafiul Islam (BDESH),2.1529929,Shafiul Islam
VC Drakes (WI),2.151228106,VC Drakes
BR Taylor (NZ),2.149767706,BR Taylor
Sohrawordi Shuvo (BDESH),2.144920806,Sohrawordi Shuvo
Arshad Khan (PAK),2.1446969,Arshad Khan
JT Ball (ENG),2.1406105,JT Ball
NG Jones (IRE),2.134105306,NG Jones
DK Morrison (NZ),2.1294975,DK Morrison
MH Richardson (NZ),2.128212806,MH Richardson
BJ McCarthy (IRE),2.125288106,BJ McCarthy
A Zampa (AUS),2.1226679,A Zampa
RW Sims (ZIM),2.118724506,RW Sims
B Mavuta (ZIM),2.114555206,B Mavuta
SP Pasqual (SL),2.104079006,SP Pasqual
AJ Tye (AUS),2.0996275,AJ Tye
D Ranatunga (SL),2.095801006,D Ranatunga
JK Lever (ENG),2.0902874,JK Lever
RGD Willis (ENG),2.0852146,RGD Willis
RJ Blakey (ENG),2.08467,RJ Blakey
S Venkataraghavan (INDIA),2.0842485,S Venkataraghavan
IR Redpath (AUS),2.079412406,IR Redpath
Taslim Arif (PAK),2.077600606,Taslim Arif
NB Mahwire (ZIM),2.075793706,NB Mahwire
BV Vitori (ZIM),2.072566406,BV Vitori
KJ Wright (AUS),2.065729506,KJ Wright
G Chapple (ENG),2.04691,G Chapple
MW Priest (NZ),2.046455606,MW Priest
N Madziva (ZIM),2.044441406,N Madziva
SS Naik (INDIA),2.0354368,SS Naik
MA Meman (ZIM),2.031605506,MA Meman
Junaid Khan (PAK),2.0263444,Junaid Khan
TL Best (WI),2.026243,TL Best
KF Semple (WI),2.023166706,KF Semple
AR Kapoor (INDIA),2.021328406,AR Kapoor
KD Ghavri (INDIA),2.0029236,KD Ghavri
Sunzamul Islam (BDESH),2.0027276,Sunzamul Islam
BJ McKechnie (NZ),2.0000314,BJ McKechnie
Kuldeep Yadav (INDIA),1.9971618,Kuldeep Yadav
TV Mufambisi (ZIM),1.995433006,TV Mufambisi
Golam Faruq (BDESH),1.995058906,Golam Faruq
SI Mahmood (ENG),1.9919215,SI Mahmood
PWA Mulder (SA),1.990586306,PWA Mulder
ST Clarke (WI),1.9868434,ST Clarke
PH Edmonds (ENG),1.98439,PH Edmonds
S Shivnarine (WI),1.973367006,S Shivnarine
W Watson (NZ),1.973060606,W Watson
KJ Abbott (SA),1.965850006,KJ Abbott
RO Hinds (WI),1.964391006,RO Hinds
KHRK Fernando (SL),1.9560042,KHRK Fernando
Saiful Islam (BDESH),1.951404006,Saiful Islam
HAG Anthony (WI),1.951135906,HAG Anthony
S Viswanath (INDIA),1.950592806,S Viswanath
MC Henriques (AUS),1.9492116,MC Henriques
AP Wells (ENG),1.939825906,AP Wells
Rubel Hossain (BDESH),1.9311742,Rubel Hossain
HMRKB Herath (SL),1.9295011,HMRKB Herath
CP Tremain (AUS),1.9269082,CP Tremain
UNK Fernando (SL),1.924785906,UNK Fernando
DT Hondo (ZIM),1.922780906,DT Hondo
Rashid Khan (PAK),1.9222588,Rashid Khan
Zulqarnain Haider (PAK),1.918329706,Zulqarnain Haider
AM Phangiso (SA),1.917710906,AM Phangiso
Mujahid Jamshed (PAK),1.914305906,Mujahid Jamshed
PB Dassanayake (SL),1.912519406,PB Dassanayake
Sharafuddin Ashraf (AFG),1.906600906,Sharafuddin Ashraf
RJ Harris (AUS),1.90292,RJ Harris
SJ Harmison (ENG),1.8952083,SJ Harmison
GD Lloyd (ENG),1.892798406,GD Lloyd
SG Peall (ZIM),1.890228506,SG Peall
RGA Headley (WI),1.886823306,RGA Headley
MJ Fourie (IRE),1.886329406,MJ Fourie
Atiq-uz-Zaman (PAK),1.882943706,Atiq-uz-Zaman
Sarandeep Singh (INDIA),1.881562706,Sarandeep Singh
Jamaluddin Ahmed (BDESH),1.876756706,Jamaluddin Ahmed
RE Bryson (SA),1.875155906,RE Bryson
RG Petrie (NZ),1.872705206,RG Petrie
Saleem Altaf (PAK),1.870783506,Saleem Altaf
L Ngidi (SA),1.8520981,L Ngidi
Ashraf Ali (PAK),1.8492071,Ashraf Ali
EJ Chatfield (NZ),1.847541906,EJ Chatfield
Khaliq Dad (AFG),1.843687606,Khaliq Dad
WB Rankin (ENG/IRE),1.8282023,WB Rankin
CKB Kulasekara (SL),1.8264803,CKB Kulasekara
KA Maharaj (SA),1.8261015,KA Maharaj
AJ Traicos (ZIM),1.823866706,AJ Traicos
PC Connell (IRE),1.821217806,PC Connell
MHN Walker (AUS),1.8204767,MHN Walker
BA Murphy (ZIM),1.817467706,BA Murphy
RJ Bright (AUS),1.811545806,RJ Bright
EB McSweeney (NZ),1.806308306,EB McSweeney
CAK Walton (WI),1.806114106,CAK Walton
Saleem Pervez (PAK),1.806067406,Saleem Pervez
PVD Chameera (SL),1.803815,PVD Chameera
GC Small (ENG),1.7990632,GC Small
Mustafizur Rahman (BDESH),1.7961685,Mustafizur Rahman
SR Gillespie (NZ),1.794579206,SR Gillespie
YS Chahal (INDIA),1.790462932,YS Chahal
RWT Key (ENG),1.789475,RWT Key
RD McCann (IRE),1.7871354,RD McCann
Shaheen Shah Afridi (PAK),1.7866132,Shaheen Shah Afridi
GG Arnold (ENG),1.779755,GG Arnold
Ehsanul Haque (BDESH),1.777755706,Ehsanul Haque
AD Mullally (ENG),1.7707893,AD Mullally
Hamid Hassan (AFG),1.7642607,Hamid Hassan
SC Getkate (IRE),1.764085906,SC Getkate
GK Robertson (NZ),1.763654706,GK Robertson
PA Horne (NZ),1.762233706,PA Horne
Zafar Gohar (PAK),1.759015906,Zafar Gohar
WW Daniel (WI),1.752995906,WW Daniel
BE Young (AUS),1.746864806,BE Young
DL Underwood (ENG),1.741683306,DL Underwood
SC Kuggeleijn (NZ),1.7381113,SC Kuggeleijn
Irfan Fazil (PAK),1.736763406,Irfan Fazil
S Jeganathan (SL),1.734891906,S Jeganathan
HAPW Jayawardene (SL),1.733480506,HAPW Jayawardene
DR Hadlee (NZ),1.7329305,DR Hadlee
JO Troughton (ENG),1.7322096,JO Troughton
TJ Franklin (NZ),1.729057206,TJ Franklin
V Razdan (INDIA),1.727826306,V Razdan
Mafizur Rahman (BDESH),1.726436506,Mafizur Rahman
ADG Roberts (NZ),1.7263126,ADG Roberts
J Mulder (IRE),1.725535506,J Mulder
RAL Massie (AUS),1.724278506,RAL Massie
J Lewis (ENG),1.7242046,J Lewis
Aftab Alam (AFG),1.7232086,Aftab Alam
UT Yadav (INDIA),1.7211445,UT Yadav
KCG Benjamin (WI),1.720618406,KCG Benjamin
BG Hadlee (NZ),1.708675406,BG Hadlee
MD Bates (NZ),1.706865906,MD Bates
Rumman Raees (PAK),1.706255906,Rumman Raees
S Abrahams (SA),1.706069206,S Abrahams
SS Cottrell (WI),1.7058758,SS Cottrell
RSA Jayasekera (SL),1.705182606,RSA Jayasekera
RD Woolley (AUS),1.699113006,RD Woolley
Zafar Iqbal (PAK),1.696121006,Zafar Iqbal
NC McGarrell (WI),1.694240106,NC McGarrell
BC Strang (ZIM),1.686230006,BC Strang
GR Robertson (AUS),1.680910006,GR Robertson
Shahadat Hossain (BDESH),1.6758891,Shahadat Hossain
SJ Rixon (AUS),1.674640006,SJ Rixon
WP Saha (INDIA),1.6716431,WP Saha
SG Borthwick (ENG),1.671475,SG Borthwick
ARM Opatha (SL),1.668975706,ARM Opatha
Pervez Mir (PAK),1.666871406,Pervez Mir
DI Joyce (IRE),1.665582306,DI Joyce
SR Clark (AUS),1.664884,SR Clark
Gazi Ashraf (BDESH),1.664310706,Gazi Ashraf
Mohammad Salman (PAK),1.663695406,Mohammad Salman
MP Jarvis (ZIM),1.6613442,MP Jarvis
EA Essop-Adam (ZIM),1.660107206,EA Essop-Adam
BGK Walker (NZ),1.656769806,BGK Walker
LH Ferguson (NZ),1.654051,LH Ferguson
CT Tremlett (ENG),1.6471187,CT Tremlett
GE Peckover (ZIM),1.645603006,GE Peckover
MN Hart (NZ),1.645553806,MN Hart
BL D'Oliveira (ENG),1.637819506,BL D'Oliveira
Mujeeb Ur Rahman (AFG),1.6316374,Mujeeb Ur Rahman
AC Dale (AUS),1.627274406,AC Dale
Naeem Ashraf (PAK),1.617510006,Naeem Ashraf
CM Wells (ENG),1.617255906,CM Wells
TG Shaw (SA),1.6172308,TG Shaw
AP Igglesden (ENG),1.615407606,AP Igglesden
GE Kidd (IRE),1.614615906,GE Kidd
RR Kulkarni (INDIA),1.612488006,RR Kulkarni
Shariful Haque (BDESH),1.598068506,Shariful Haque
JR Hammond (AUS),1.596953606,JR Hammond
XJ Doherty (AUS),1.5945529,XJ Doherty
PW Jarvis (ENG),1.590063706,PW Jarvis
CEB Rice (SA),1.588640606,CEB Rice
LL Tsotsobe (SA),1.5864707,LL Tsotsobe
J Nyumbu (ZIM),1.584250706,J Nyumbu
N M'shangwe (ZIM),1.583859306,N M'shangwe
MDJ Walker (NZ),1.5838326,MDJ Walker
Shapoor Zadran (AFG),1.5794257,Shapoor Zadran
Faisal Hossain (BDESH),1.572048406,Faisal Hossain
BS Sandhu (INDIA),1.568743606,BS Sandhu
VB John (SL),1.5685636,VB John
CE Cuffy (WI),1.566631,CE Cuffy
MW Pringle (SA),1.561914006,MW Pringle
WP Masakadza (ZIM),1.557209,WP Masakadza
DS Mohanty (INDIA),1.5541482,DS Mohanty
Arafat Sunny (BDESH),1.5496587,Arafat Sunny
DJ White (NZ),1.547820706,DJ White
MM Patel (INDIA),1.5424677,MM Patel
PJ Wiseman (NZ),1.540169006,PJ Wiseman
JG Heron (ZIM),1.539884606,JG Heron
GA Briant (ZIM),1.536338106,GA Briant
SL Boock (NZ),1.530135606,SL Boock
Zulfiqar Babar (PAK),1.525295906,Zulfiqar Babar
LWS Kaluperuma (SL),1.522965906,LWS Kaluperuma
PS Vaidya (INDIA),1.514175906,PS Vaidya
MF Malone (AUS),1.513461306,MF Malone
Syed Rasel (BDESH),1.5107208,Syed Rasel
AJ Penn (NZ),1.510357406,AJ Penn
GC Martin (ZIM),1.509881806,GC Martin
GJ Batty (ENG),1.5086149,GJ Batty
MN Nawaz (SL),1.506217906,MN Nawaz
PW Gunaratne (SL),1.504321306,PW Gunaratne
LR Shukla (INDIA),1.5031153,LR Shukla
AR Butcher (ENG),1.5030624,AR Butcher
JR Hazlewood (AUS),1.502410432,JR Hazlewood
TBA May (AUS),1.499795906,TBA May
GK Bose (INDIA),1.498280106,GK Bose
SP Terry (IRE),1.4958086,SP Terry
KEA Upashantha (SL),1.495442606,KEA Upashantha
Ehsan Adil (PAK),1.4951658,Ehsan Adil
CD Collymore (WI),1.492728306,CD Collymore
KOK Williams (WI),1.492141606,KOK Williams
MA Wood (ENG),1.4884318,MA Wood
GE Vivian (NZ),1.486078506,GE Vivian
GD McGrath (AUS/ICC),1.4745092,GD McGrath
TMK Mawoyo (ZIM),1.465843406,TMK Mawoyo
Azeem Hafeez (PAK),1.460619506,Azeem Hafeez
S Dube (INDIA),1.4589,S Dube
CK Langeveldt (SA),1.4523707,CK Langeveldt
AS Wassan (INDIA),1.4485462,AS Wassan
KJ O'Keeffe (AUS),1.445916906,KJ O'Keeffe
JD Hall (IRE),1.445206606,JD Hall
Rafiqul Alam (BDESH),1.442590806,Rafiqul Alam
RK Illingworth (ENG),1.438966306,RK Illingworth
HM Goonatilleke (SL),1.435299306,HM Goonatilleke
RD Jackman (ENG),1.4335066,RD Jackman
IS Gallage (SL),1.431351506,IS Gallage
PH Sharma (INDIA),1.430446706,PH Sharma
JP Behrendorff (AUS),1.4302326,JP Behrendorff
PP Ojha (INDIA),1.4286677,PP Ojha
LS Pascoe (AUS),1.425576206,LS Pascoe
RL Hayes (NZ),1.425285906,RL Hayes
JS Foster (ENG),1.4246614,JS Foster
JN Maguire (AUS),1.419977406,JN Maguire
Wasim Haider (PAK),1.4168554,Wasim Haider
Taskin Ahmed (BDESH),1.4157251,Taskin Ahmed
RC Haynes (WI),1.408513806,RC Haynes
SM Curran (ENG),1.4066932,SM Curran
PJK Mooney (IRE),1.403977206,PJK Mooney
DK Butler (WI),1.398758106,DK Butler
EJ Richardson (IRE),1.398358506,EJ Richardson
OP Stone (ENG),1.3955677,OP Stone
AA Donald (SA),1.3948905,AA Donald
G Dymock (AUS),1.391680706,G Dymock
DL Chahar (INDIA),1.3892241,DL Chahar
BS Chandrasekhar (INDIA),1.387488006,BS Chandrasekhar
PA Emery (AUS),1.387178006,PA Emery
A Mishra (INDIA),1.3862673,A Mishra
KR Pushpakumara (SL),1.385336206,KR Pushpakumara
HSM Pieris (SL),1.384097306,HSM Pieris
PKD Chase (IRE),1.383080906,PKD Chase
IA Nicolson (ZIM),1.380820206,IA Nicolson
FH Edwards (WI),1.3784132,FH Edwards
TCB Fernando (SL),1.367067406,TCB Fernando
Mohammad Sharif (BDESH),1.3569906,Mohammad Sharif
Iqbal Qasim (PAK),1.347707206,Iqbal Qasim
PA Hitchcock (NZ),1.346594006,PA Hitchcock
Javed Qadeer (PAK),1.345519606,Javed Qadeer
SL Stewart (NZ),1.343352506,SL Stewart
Sikander Bakht (PAK),1.343030406,Sikander Bakht
PM Siddle (AUS),1.3375913,PM Siddle
BW Hilfenhaus (AUS),1.3369222,BW Hilfenhaus
I Sharma (INDIA),1.3339406,I Sharma
AB Dinda (INDIA),1.3322663,AB Dinda
TJ Jenner (AUS),1.330465906,TJ Jenner
PP Chawla (INDIA),1.3284911,PP Chawla
TL Fernando (SL),1.316987206,TL Fernando
RMS Eranga (SL),1.3055232,RMS Eranga
SD Udal (ENG),1.3026788,SD Udal
Asif Mahmood (PAK),1.299739606,Asif Mahmood
JL Pattinson (AUS),1.29383,JL Pattinson
RJ McCurdy (AUS),1.291112606,RJ McCurdy
GK Bruk-Jackson (ZIM),1.288445506,GK Bruk-Jackson
O Henry (SA),1.287517706,O Henry
SD Anurasiri (SL),1.287059406,SD Anurasiri
Manjural Islam (BDESH),1.287051406,Manjural Islam
Ahmed Kamal (BDESH),1.285788806,Ahmed Kamal
SV Bahutule (INDIA),1.284870006,SV Bahutule
HR Bryan (WI),1.277687506,HR Bryan
Asad Ali (PAK),1.272508406,Asad Ali
BS Bedi (INDIA),1.2663858,BS Bedi
PL Mhambrey (INDIA),1.265925906,PL Mhambrey
BP Patterson (WI),1.265752506,BP Patterson
SW Tait (AUS),1.264412,SW Tait
RD King (WI),1.259282006,RD King
Mohsin Kamal (PAK),1.258950906,Mohsin Kamal
NGRP Jayasuriya (SL),1.255428006,NGRP Jayasuriya
AH Gray (WI),1.2488753,AH Gray
ID Austin (ENG),1.246987706,ID Austin
ED Solkar (INDIA),1.240679606,ED Solkar
KSC de Silva (SL),1.228903806,KSC de Silva
LA Dawson (ENG),1.2286335,LA Dawson
LJ Woodcock (NZ),1.227090206,LJ Woodcock
RR Emrit (WI),1.224531306,RR Emrit
Rizwan-uz-Zaman (PAK),1.224091506,Rizwan-uz-Zaman
RAP Nissanka (SL),1.223724406,RAP Nissanka
DJ Worrall (AUS),1.221645906,DJ Worrall
B Geeves (AUS),1.221259,B Geeves
BA Williams (AUS),1.2208259,BA Williams
JB Little (IRE),1.213290906,JB Little
DA Stirling (NZ),1.212548306,DA Stirling
MJ Mason (NZ),1.211717206,MJ Mason
CA Young (IRE),1.210545906,CA Young
MS Panesar (ENG),1.2071727,MS Panesar
RW Anderson (NZ),1.206981706,RW Anderson
TS Nethula (NZ),1.2042249,TS Nethula
FJ Titmus (ENG),1.200881606,FJ Titmus
RJ Kennedy (NZ),1.200372206,RJ Kennedy
GD Watson (AUS),1.198173406,GD Watson
JA Maclean (AUS),1.197127206,JA Maclean
P Dharmani (INDIA),1.196665906,P Dharmani
HJ Howarth (NZ),1.195951206,HJ Howarth
R Dhawan (INDIA),1.193318906,R Dhawan
Mohammad Irfan (PAK),1.1912781,Mohammad Irfan
TP Kamungozi (ZIM),1.189930806,TP Kamungozi
M Mbangwa (ZIM),1.188209006,M Mbangwa
BW Luckhurst (ENG),1.186551206,BW Luckhurst
JJC Lawson (WI),1.183895906,JJC Lawson
EMDY Munaweera (SL),1.1836692,EMDY Munaweera
Raqibul Hasan (BDESH),1.1809215,Raqibul Hasan
Mansoor Rana (PAK),1.180850906,Mansoor Rana
RGCE Wijesuriya (SL),1.177810906,RGCE Wijesuriya
DSK Madushanka (SL),1.176428506,DSK Madushanka
GA Manou (AUS),1.1759726,GA Manou
RR Beaton (WI),1.174336006,RR Beaton
CEW Silverwood (ENG),1.174005,CEW Silverwood
V Permaul (WI),1.172223606,V Permaul
RL Johnson (ENG),1.1722,RL Johnson
SA Ankola (INDIA),1.1686145,SA Ankola
PN Webb (NZ),1.167529106,PN Webb
A Shahzad (ENG),1.16726,A Shahzad
Nasir Ahmed (BDESH),1.166276106,Nasir Ahmed
ST Gabriel (WI),1.1660599,ST Gabriel
Zakir Khan (PAK),1.156139406,Zakir Khan
WW Davis (WI),1.1549813,WW Davis
AV Kale (INDIA),1.1515645,AV Kale
Saleem Jaffar (PAK),1.148890006,Saleem Jaffar
BA Reid (AUS),1.1450818,BA Reid
EC Rainsford (ZIM),1.141220306,EC Rainsford
Fawad Ahmed (AUS),1.13535,Fawad Ahmed
Sheikh Salahuddin (BDESH),1.132666306,Sheikh Salahuddin
MM Sharma (INDIA),1.1290406,MM Sharma
Sajjad Ahmed (BDESH),1.126761906,Sajjad Ahmed
Gurkeerat Singh (INDIA),1.1250894,Gurkeerat Singh
ML Su'a (NZ),1.122969406,ML Su'a
Intikhab Alam (PAK),1.121455606,Intikhab Alam
Nurul Abedin (BDESH),1.119155606,Nurul Abedin
Maninder Singh (INDIA),1.1175234,Maninder Singh
CE Bulfin (NZ),1.115400906,CE Bulfin
Ata-ur-Rehman (PAK),1.114816206,Ata-ur-Rehman
LS Baker (WI),1.111818106,LS Baker
Tareq Aziz (BDESH),1.109583006,Tareq Aziz
DM Smith (ENG),1.107795,DM Smith
DLS de Silva (SL),1.100093606,DLS de Silva
CB Mpofu (ZIM),1.098636306,CB Mpofu
DW Headley (ENG),1.0979829,DW Headley
MJ Haslam (NZ),1.096235906,MJ Haslam
PHKD Mendis (SL),1.095981206,PHKD Mendis
Shubman Gill (INDIA),1.09318,Shubman Gill
B Arun (INDIA),1.0928482,B Arun
NA David (INDIA),1.091585906,NA David
MR Whitney (AUS),1.0902384,MR Whitney
DT Mutendera (ZIM),1.089047006,DT Mutendera
Noor-ul-Haq (AFG),1.088190706,Noor-ul-Haq
T Kumaran (INDIA),1.087841006,T Kumaran
RO Collinge (NZ),1.0865313,RO Collinge
Aizaz Cheema (PAK),1.0865247,Aizaz Cheema
S Sreesanth (INDIA),1.0845246,S Sreesanth
R Shepherd (WI),1.083693838,R Shepherd
Zulqarnain (PAK),1.082480906,Zulqarnain
PT Collins (WI),1.081745906,PT Collins
PH Carlson (AUS),1.077088506,PH Carlson
DS Steele (ENG),1.076308506,DS Steele
P Lever (ENG),1.076302806,P Lever
BN French (ENG),1.071552706,BN French
Fazl-e-Akbar (PAK),1.071160906,Fazl-e-Akbar
CJ Dala (SA),1.066277206,CJ Dala
Aamer Nazir (PAK),1.064645306,Aamer Nazir
AG Wharf (ENG),1.0627185,AG Wharf
VRV Singh (INDIA),1.0594533,VRV Singh
RA Austin (WI),1.057789206,RA Austin
KN Amalean (SL),1.055246806,KN Amalean
Mohammad Salim (BDESH),1.051420906,Mohammad Salim
Naumanullah (PAK),1.045775906,Naumanullah
IC Davis (AUS),1.042316706,IC Davis
AK Zesers (AUS),1.039452106,AK Zesers
W Jaffer (INDIA),1.0334867,W Jaffer
RA Woolmer (ENG),1.0312115,RA Woolmer
F Kasteni (ZIM),1.026464406,F Kasteni
JC Gamage (SL),1.018752706,JC Gamage
HD Rutherford (NZ),1.018516706,HD Rutherford
Shafiuddin Ahmed (BDESH),1.015622206,Shafiuddin Ahmed
Karim Janat (AFG),1.014490606,Karim Janat
J Blackwood (WI),1.014246106,J Blackwood
J Cameron-Dow (IRE),1.012915906,J Cameron-Dow
D Brown (WI),1.010735906,D Brown
S Somasunder (INDIA),1.007973806,S Somasunder
DM Vonhagt (SL),1.005516406,DM Vonhagt
EE Hemmings (ENG),1.0032248,EE Hemmings
CG Rackemann (AUS),1.0016215,CG Rackemann
Faisal Athar (PAK),1.001530706,Faisal Athar
DR Gilbert (AUS),1.001281206,DR Gilbert
RL Sanghvi (INDIA),1.000585106,RL Sanghvi
AM de Silva (SL),0.999105906,AM de Silva
A Nortje (SA),0.996094306,A Nortje
PS Eaglestone (IRE),0.995157206,PS Eaglestone
PJ Martin (ENG),0.990491806,PJ Martin
Shahid Nazir (PAK),0.988305206,Shahid Nazir
Ijaz Ahmed jnr (PAK),0.987395906,Ijaz Ahmed jnr
B Reddy (INDIA),0.98618,B Reddy
Usman Salahuddin (PAK),0.985222106,Usman Salahuddin
SF Graf (AUS),0.982640906,SF Graf
MC Mendis (SL),0.980505906,MC Mendis
JJ Krejza (AUS),0.9741172,JJ Krejza
Mohammad Zahid (PAK),0.9707648,Mohammad Zahid
RA Reifer (WI),0.965547206,RA Reifer
JJ Bumrah (INDIA),0.9640998,JJ Bumrah
R Ngarava (ZIM),0.963758506,R Ngarava
AJ Tudor (ENG),0.9613441,AJ Tudor
MVT Fernando (SL),0.9609648,MVT Fernando
CEH Croft (WI),0.9597146,CEH Croft
HS Williams (SA),0.959415106,HS Williams
Hafizur Rahman (BDESH),0.955987206,Hafizur Rahman
PJW Allott (ENG),0.95491,PJW Allott
WCA Ganegama (SL),0.9541197,WCA Ganegama
A Kuruvilla (INDIA),0.9527356,A Kuruvilla
A van der Merwe (IRE),0.952000906,A van der Merwe
Najmul Hossain Shanto (BDESH),0.951304906,Najmul Hossain Shanto
Mosharraf Hossain (BDESH),0.9469926,Mosharraf Hossain
SO Dowrich (WI),0.945655906,SO Dowrich
SS Raul (INDIA),0.944651306,SS Raul
Abul Hasan (BDESH),0.9431581,Abul Hasan
Nazmul Islam (BDESH),0.9404024,Nazmul Islam
MAWR Madurasinghe (SL),0.9376307,MAWR Madurasinghe
SD Jack (SA),0.936180906,SD Jack
Nadeem Ghauri (PAK),0.935686506,Nadeem Ghauri
TM Alderman (AUS),0.9340328,TM Alderman
SLV Raju (INDIA),0.930624506,SLV Raju
KCB Jeremy (WI),0.929217606,KCB Jeremy
PM Pushpakumara (SL),0.928353,PM Pushpakumara
N Pradeep (SL),0.9276278,N Pradeep
Sohail Khan (PAK),0.9272061,Sohail Khan
Jahangir Alam Talukdar (BDESH),0.918463406,Jahangir Alam Talukdar
AA Mallett (AUS),0.917923306,AA Mallett
JK Moss (AUS),0.912913406,JK Moss
MJ Hoggard (ENG),0.9106526,MJ Hoggard
JC Archer (ENG),0.9101699,JC Archer
Saad Ali (PAK),0.906236106,Saad Ali
G Sharma (INDIA),0.899362206,G Sharma
RJ Webb (NZ),0.896745906,RJ Webb
AJ Ireland (ZIM),0.894862906,AJ Ireland
VR Hogg (ZIM),0.893518306,VR Hogg
Jalal-ud-Din (PAK),0.893005906,Jalal-ud-Din
Naveen-ul-Haq (AFG),0.8914485,Naveen-ul-Haq
LD Madushanka (SL),0.890958306,LD Madushanka
K Shuttleworth (ENG),0.888278306,K Shuttleworth
GN de Silva (SL),0.888095906,GN de Silva
M Pushpakumara (SL),0.8863924,M Pushpakumara
ML Lewis (AUS),0.88205,ML Lewis
WA Wisneski (NZ),0.881026106,WA Wisneski
SP Davis (AUS),0.879161106,SP Davis
MT Chinouya (ZIM),0.876785906,MT Chinouya
Haafiz Shahid (PAK),0.872926706,Haafiz Shahid
Arshad Pervez (PAK),0.872239906,Arshad Pervez
GP Sulzberger (NZ),0.871715906,GP Sulzberger
GA Bishop (AUS),0.870435306,GA Bishop
KIW Wijegunawardene (SL),0.869245506,KIW Wijegunawardene
Usman Shinwari (PAK),0.8676131,Usman Shinwari
Jahangir Shah (BDESH),0.867113906,Jahangir Shah
CJ Drum (NZ),0.860484906,CJ Drum
Neeyamur Rashid (BDESH),0.85063,Neeyamur Rashid
Bhupinder Singh snr (INDIA),0.8431715,Bhupinder Singh snr
P Krishnamurthy (INDIA),0.841507406,P Krishnamurthy
CBRLS Kumara (SL),0.838670606,CBRLS Kumara
Asif Masood (PAK),0.838275506,Asif Masood
R Dhanraj (WI),0.836755906,R Dhanraj
BS Browne (WI),0.836667806,BS Browne
HT Davis (NZ),0.836213806,HT Davis
GW Humpage (ENG),0.8355163,GW Humpage
Liaqat Ali (PAK),0.8352838,Liaqat Ali
AMN Munasinghe (SL),0.831550906,AMN Munasinghe
SMS Kaluperuma (SL),0.830736106,SMS Kaluperuma
J Theron (SA/USA),0.830443206,J Theron
SB O'Connor (NZ),0.824806606,SB O'Connor
Danish Kaneria (PAK),0.8239794,Danish Kaneria
Pankaj Singh (INDIA),0.81757,Pankaj Singh
HF Gurney (ENG),0.8166795,HF Gurney
MG Neser (AUS),0.815745906,MG Neser
VB van Jaarsveld (SA),0.812625906,VB van Jaarsveld
Mohammad Akram (PAK),0.8114787,Mohammad Akram
H Davids (SA),0.809417206,H Davids
T Yohannan (INDIA),0.804960206,T Yohannan
LS Rajput (INDIA),0.804949206,LS Rajput
Amir Hamza (AFG),0.803491506,Amir Hamza
AK Patel (INDIA),0.797685306,AK Patel
DB Rundle (SA),0.797685306,DB Rundle
GC Tonge (WI),0.796215,GC Tonge
RT Crandon (WI),0.795061406,RT Crandon
Jubair Hossain (BDESH),0.795061406,Jubair Hossain
Sajjad Akbar (PAK),0.795061406,Sajjad Akbar
VR Aaron (INDIA),0.7943519,VR Aaron
Enamul Haque jnr (BDESH),0.7871915,Enamul Haque jnr
Zahid Razzak (BDESH),0.785710606,Zahid Razzak
Mohammad Asif (Asia/PAK),0.782915,Mohammad Asif
IDK Salisbury (ENG),0.7790713,IDK Salisbury
CT Mumba (ZIM),0.777529739,CT Mumba
RO Hurley (WI),0.776679106,RO Hurley
Mansoor Amjad (PAK),0.775025906,Mansoor Amjad
MKDI Amerasinghe (SL),0.7749726,MKDI Amerasinghe
PADLR Sandakan (SL),0.7728842,PADLR Sandakan
DE Malcolm (ENG),0.7719991,DE Malcolm
AP Grayson (ENG),0.7711815,AP Grayson
TE Srinivasan (INDIA),0.768263606,TE Srinivasan
GI Allott (NZ),0.767374406,GI Allott
Nazmul Hossain (BDESH),0.7661624,Nazmul Hossain
GS Trimble (AUS),0.760145906,GS Trimble
KK Ahmed (INDIA),0.7600234,KK Ahmed
RS Higgins (ZIM),0.753518906,RS Higgins
NM Kulkarni (INDIA),0.75179,NM Kulkarni
MJ Bennett (AUS),0.748819406,MJ Bennett
JW Dernbach (ENG),0.7420931,JW Dernbach
AG Huckle (ZIM),0.737863406,AG Huckle
PCR Tufnell (ENG),0.7337518,PCR Tufnell
Maqsood Rana (PAK),0.733366506,Maqsood Rana
RP de Groen (NZ),0.729972206,RP de Groen
MKGCP Lakshitha (SL),0.7252213,MKGCP Lakshitha
B Muzarabani (ZIM),0.724887606,B Muzarabani
SP Mukherjee (INDIA),0.719625906,SP Mukherjee
Kashif Raza (PAK),0.719625906,Kashif Raza
Masood Iqbal (PAK),0.714385906,Masood Iqbal
ACL Richards (WI),0.714075906,ACL Richards
O Thomas (WI),0.7124422,O Thomas
ML Cummins (WI),0.709493606,ML Cummins
ACI Lock (ZIM),0.702086506,ACI Lock
CE Eksteen (SA),0.700805906,CE Eksteen
GRA de Silva (SL),0.700395606,GRA de Silva
KG Duers (ZIM),0.70015,KG Duers
Kabir Khan (PAK),0.697235,Kabir Khan
DR Doshi (INDIA),0.694920906,DR Doshi
Najeeb Tarakai (AFG),0.694775606,Najeeb Tarakai
D Ganesh (INDIA),0.694645906,D Ganesh
TR Ambrose (ENG),0.6944251,TR Ambrose
M Zondeki (Afr/SA),0.691504846,M Zondeki
MA Lynch (ENG),0.690096506,MA Lynch
Izatullah Dawlatzai (AFG),0.687496046,Izatullah Dawlatzai
Gholam Nousher (BDESH),0.684026506,Gholam Nousher
RK Whelan (IRE),0.682398506,RK Whelan
PI Pocock (ENG),0.6783584,PI Pocock
Samiur Rahman (BDESH),0.670021306,Samiur Rahman
MJ North (AUS),0.6700177,MJ North
DJ Terbrugge (SA),0.669579006,DJ Terbrugge
M Hayward (SA),0.665649406,M Hayward
Gursharan Singh (INDIA),0.658545906,Gursharan Singh
T Muzarabani (ZIM),0.657050906,T Muzarabani
Fahim Muntasir (BDESH),0.654722806,Fahim Muntasir
RPAH Wickramaratne (SL),0.654268506,RPAH Wickramaratne
NG Cowans (ENG),0.6453502,NG Cowans
SD Heazlett (AUS),0.645095506,SD Heazlett
SM Boland (AUS),0.644994,SM Boland
Rahat Ali (PAK),0.6432932,Rahat Ali
RJW Topley (ENG),0.64313,RJW Topley
PV Mpitsang (SA),0.639245906,PV Mpitsang
GJ McCarter (IRE),0.639245906,GJ McCarter
KJ Silva (SL),0.639245906,KJ Silva
GA Cope (ENG),0.639245906,GA Cope
J Yadav (INDIA),0.63667,J Yadav
CI Dunusinghe (SL),0.634005906,CI Dunusinghe
JA Snow (ENG),0.6307045,JA Snow
U Ranchod (ZIM),0.619505906,U Ranchod
EZ Matambanadzo (ZIM),0.618742306,EZ Matambanadzo
PJR Steyn (SA),0.617283606,PJR Steyn
R Sudhakar Rao (INDIA),0.617283606,R Sudhakar Rao
JP Agnew (ENG),0.6115326,JP Agnew
A Martin (WI),0.609188706,A Martin
LN Roche (ZIM),0.607615906,LN Roche
PDRL Perera (SL),0.6050084,PDRL Perera
HK Bennett (NZ),0.6047077,HK Bennett
PJ Franks (ENG),0.6025272,PJ Franks
DJ Cullen (AUS),0.6009326,DJ Cullen
GK Pandey (INDIA),0.599405506,GK Pandey
MR Pydanna (WI),0.599268506,MR Pydanna
MS Tshabalala (SA),0.599268506,MS Tshabalala
IW Callen (AUS),0.5970615,IW Callen
Nadeem Khan (PAK),0.594028506,Nadeem Khan
SA Abbott (AUS),0.5911785,SA Abbott
R Illingworth (ENG),0.582975606,R Illingworth
GD Campbell (AUS),0.5823077,GD Campbell
AJ McKay (NZ),0.5718333,AJ McKay
Talha Jubair (BDESH),0.571497206,Talha Jubair
Mahbubur Rahman (BDESH),0.569140906,Mahbubur Rahman
AG Hurst (AUS),0.567103306,AG Hurst
MI Black (WI),0.566353606,MI Black
ND Hirwani (INDIA),0.564904706,ND Hirwani
MA Aponso (SL),0.560385106,MA Aponso
GD Porter (AUS),0.554087206,GD Porter
AM Salvi (INDIA),0.5510371,AM Salvi
Morshed Ali Khan (BDESH),0.538815906,Morshed Ali Khan
LJ Hamilton (NZ),0.534445906,LJ Hamilton
AP Weerakkody (SL),0.533885906,AP Weerakkody
Tanbir Hayder (BDESH),0.5327525,Tanbir Hayder
RE Redmond (NZ),0.531900606,RE Redmond
SL Watkin (ENG),0.525993806,SL Watkin
CEL Stuart (WI),0.522288606,CEL Stuart
EA Moseley (WI),0.520853506,EA Moseley
UWMBCA Welegedara (SL),0.51763734,UWMBCA Welegedara
Aminul Islam jnr (BDESH),0.515170639,Aminul Islam jnr
U Chatterjee (INDIA),0.51413,U Chatterjee
Harvinder Singh (INDIA),0.5121327,Harvinder Singh
CS Martin (NZ),0.509064106,CS Martin
IE O'Brien (NZ),0.506240606,IE O'Brien
Shabbir Ahmed (PAK),0.5031328,Shabbir Ahmed
Abdullah Mazari (AFG),0.501143406,Abdullah Mazari
CJPG van Zyl (SA),0.498110606,CJPG van Zyl
DJ Murray (NZ),0.497446306,DJ Murray
D Ramnarine (WI),0.494247566,D Ramnarine
Mazharul Haque (BDESH),0.493908506,Mazharul Haque
SV Nayak (INDIA),0.490421706,SV Nayak
Zakiullah Zaki (AFG),0.488210206,Zakiullah Zaki
Zahid Ahmed (PAK),0.482638606,Zahid Ahmed
R Sharma (INDIA),0.4769,R Sharma
RT Hart (NZ),0.471093306,RT Hart
BR Dorey (AUS),0.4665,BR Dorey
DF Whatmore (AUS),0.4647713,DF Whatmore
SP Jones (ENG),0.46334,SP Jones
D Gamage (SL),0.46247,D Gamage
DP Nannes (AUS),0.46047,DP Nannes
G Onions (ENG),0.46047,G Onions
Jahangir Alam (BDESH),0.459465106,Jahangir Alam
S Tyagi (INDIA),0.45935,S Tyagi
SJ Roberts (NZ),0.458745906,SJ Roberts
PIC Thompson (WI),0.456523606,PIC Thompson
PLS Gamage (SL),0.454900006,PLS Gamage
Yamin Ahmadzai (AFG),0.4508758,Yamin Ahmadzai
BE Hendricks (SA),0.448565906,BE Hendricks
Mohammad Nazir (PAK),0.447165306,Mohammad Nazir
JWHD Boteju (SL),0.447150606,JWHD Boteju
P Wilson (AUS),0.445929506,P Wilson
JNK Shannon (IRE),0.443635906,JNK Shannon
M Hendrick (ENG),0.4421697,M Hendrick
AGR Loudon (ENG),0.435124733,AGR Loudon
AW Mathieson (NZ),0.434790639,AW Mathieson
A Bhandari (INDIA),0.434790639,A Bhandari
LR Gibbs (WI),0.434790639,LR Gibbs
N Ncube (ZIM),0.434790639,N Ncube
M Venkataramana (INDIA),0.434790639,M Venkataramana
Mohammad Khalil (PAK),0.434480639,Mohammad Khalil
Junaid Zia (PAK),0.434013606,Junaid Zia
Ibrahim Zadran (AFG),0.433600106,Ibrahim Zadran
L Sivaramakrishnan (INDIA),0.430047206,L Sivaramakrishnan
DR O'Sullivan (NZ),0.425995906,DR O'Sullivan
AAW Gunawardena (SL),0.425585906,AAW Gunawardena
AGD Wickremasinghe (SL),0.425585906,AGD Wickremasinghe
Ahmed Shah (AFG),0.42164,Ahmed Shah
MD Wettimuny (SL),0.419015706,MD Wettimuny
B Stanlake (AUS),0.4088258,B Stanlake
WJ Edwards (AUS),0.404626706,WJ Edwards
Hussain Talat (PAK),0.404626706,Hussain Talat
Al-Amin Hossain (BDESH),0.400545,Al-Amin Hossain
PD Heyn (SL),0.398985906,PD Heyn
Iqbal Sikander (PAK),0.398567206,Iqbal Sikander
KMC Bandara (SL),0.398257206,KMC Bandara
RS Ghai (INDIA),0.393327206,RS Ghai
SA Jayasinghe (SL),0.393327206,SA Jayasinghe
Anisur Rahman (BDESH),0.391265706,Anisur Rahman
SCG MacGill (AUS),0.3874913,SCG MacGill
S Kaul (INDIA),0.3650513,S Kaul
GJ Thompson (IRE),0.3616672,GJ Thompson
PG Gillespie (IRE),0.356456706,PG Gillespie
JM Mennie (AUS),0.35618,JM Mennie
LB Taylor (ENG),0.3485326,LB Taylor
MC Cowdrey (ENG),0.345205906,MC Cowdrey
RJ Kirtley (ENG),0.3436498,RJ Kirtley
MTG Elliott (AUS),0.3398026,MTG Elliott
Mahmood Hamid (PAK),0.333148506,Mahmood Hamid
Fareed Ahmad (AFG),0.330048506,Fareed Ahmad
SC Meaker (ENG),0.325265,SC Meaker
AM Stuart (AUS),0.324556706,AM Stuart
Elias Sunny (BDESH),0.3221998,Elias Sunny
B Laughlin (AUS),0.3200171,B Laughlin
JP Taylor (ENG),0.319410906,JP Taylor
NV Ojha (INDIA),0.3188008,NV Ojha
Nasim-ul-Ghani (PAK),0.317820906,Nasim-ul-Ghani
Subashis Roy (BDESH),0.3168371,Subashis Roy
HWR Cartwright (AUS),0.3146909,HWR Cartwright
JG Thomas (ENG),0.313325646,JG Thomas
RR Ramdass (WI),0.313113006,RR Ramdass
Abu Hider (BDESH),0.305820806,Abu Hider
KPJ Warnaweera (SL),0.302409746,KPJ Warnaweera
NS Yadav (INDIA),0.292778406,NS Yadav
W Mwayenga (ZIM),0.289660806,W Mwayenga
B Yograj Singh (INDIA),0.2814263,B Yograj Singh
Moniruzzaman (BDESH),0.274895906,Moniruzzaman
J Angel (AUS),0.20531,J Angel
Robiul Islam (BDESH),0.197865906,Robiul Islam
Naseer Malik (PAK),0.197865906,Naseer Malik
Naeem Ahmed (PAK),0.197865906,Naeem Ahmed
JP Millmow (NZ),0.197865906,JP Millmow
BP Bracewell (NZ),0.197865906,BP Bracewell
Anwar Hossain Monir (BDESH),0.197865906,Anwar Hossain Monir
OC McCoy (WI),0.197555906,OC McCoy
D Mohammed (WI),0.197555906,D Mohammed
AM Nayar (INDIA),0.197555906,AM Nayar
NV Radford (ENG),0.19534,NV Radford
CAK Rajitha (SL),0.195175906,CAK Rajitha
GJP Kruger (SA),0.193295906,GJP Kruger
CM Willoughby (SA),0.19014,CM Willoughby
SM Harwood (AUS),0.18972,SM Harwood
Tanvir Mehdi (PAK),0.188055906,Tanvir Mehdi
Shakeel Khan (PAK),0.188055906,Shakeel Khan
MRCN Bandaratilleke (SL),0.188055906,MRCN Bandaratilleke
Raza Hasan (PAK),0.188055906,Raza Hasan
N Ranatunga (SL),0.188055906,N Ranatunga
Rafiqul Islam (BDESH),0.188055906,Rafiqul Islam
N Phillip (WI),0.188055906,N Phillip
NT Pascal (WI),0.188055906,NT Pascal
NM Parker (NZ),0.188055906,NM Parker
MB Owens (NZ),0.188055906,MB Owens
JE Benjamin (ENG),0.188055906,JE Benjamin
Mohammad Talha (PAK),0.188055906,Mohammad Talha
RG Hart (NZ),0.188055906,RG Hart
Zakir Hossain (BDESH),0.188055906,Zakir Hossain
AG Puttick (SA),0.187745906,AG Puttick
Najaf Shah (PAK),0.187745906,Najaf Shah
N Gifford (ENG),0.187745906,N Gifford
GS Sobers (WI),0.18623,GS Sobers
T Shamsi (SA),0.18527,T Shamsi
Harunur Rashid (BDESH),0.183485906,Harunur Rashid
Fazle Mahmud (BDESH),0.183175906,Fazle Mahmud
PHT Kaushal (SL),0.17912,PHT Kaushal
Shadab Kabir (PAK),0.178605906,Shadab Kabir
