Player,Bowler_score_AllFeatureEcon,Name
M Muralitharan (Asia/ICC/SL),345.5298,M Muralitharan
Wasim Akram (PAK),333.4345,Wasim Akram
Waqar Younis (PAK),280.9056,Waqar Younis
WPUJC Vaas (Asia/SL),314.6443,WPUJC Vaas
Shahid Afridi (Asia/ICC/PAK),386.5482,Shahid Afridi
SM Pollock (Afr/ICC/SA),279.0904,SM Pollock
GD McGrath (AUS/ICC),243.4725,GD McGrath
B Lee (AUS),253.0765,B Lee
SL Malinga (SL),277.7392,SL Malinga
A Kumble (Asia/INDIA),300.685,A Kumble
ST Jayasuriya (Asia/SL),344.786,ST Jayasuriya
J Srinath (INDIA),257.4024,J Srinath
DL Vettori (ICC/NZ),284.7065,DL Vettori
SK Warne (AUS/ICC),222.2399,SK Warne
AB Agarkar (INDIA),233.1578,AB Agarkar
Saqlain Mushtaq (PAK),186.2349,Saqlain Mushtaq
Z Khan (Asia/INDIA),242.2334,Z Khan
JH Kallis (Afr/ICC/SA),257.4477,JH Kallis
AA Donald (SA),177.853,AA Donald
Abdul Razzaq (Asia/PAK),253.5138,Abdul Razzaq
JM Anderson (ENG),230.9972,JM Anderson
Harbhajan Singh (Asia/INDIA),265.8426,Harbhajan Singh
Mashrafe Mortaza (Asia/BDESH),257.3535,Mashrafe Mortaza
M Ntini (ICC/SA),195.0237,M Ntini
Shakib Al Hasan (BDESH),233.6987,Shakib Al Hasan
N Kapil Dev (INDIA),212.0757,N Kapil Dev
Shoaib Akhtar (Asia/ICC/PAK),184.6486,Shoaib Akhtar
KD Mills (NZ),194.5848,KD Mills
MG Johnson (AUS),181.0813,MG Johnson
HH Streak (Afr/ZIM),214.3456,HH Streak
D Gough (ENG/ICC),187.8954,D Gough
CA Walsh (WI),213.9544,CA Walsh
CEL Ambrose (WI),170.8004,CEL Ambrose
Abdur Razzak (BDESH),186.1144,Abdur Razzak
CZ Harris (NZ),236.0425,CZ Harris
CJ McDermott (AUS),157.3496,CJ McDermott
CL Cairns (ICC/NZ),202.9891,CL Cairns
DJ Bravo (WI),179.0353,DJ Bravo
KMDN Kulasekara (SL),206.891,KMDN Kulasekara
BKV Prasad (INDIA),195.1567,BKV Prasad
DW Steyn (Afr/SA),156.9126,DW Steyn
SR Waugh (AUS),212.3954,SR Waugh
CL Hooper (WI),217.4446,CL Hooper
L Klusener (SA),178.7261,L Klusener
M Morkel (Afr/SA),148.0006,M Morkel
CRD Fernando (Asia/SL),174.2498,CRD Fernando
TG Southee (NZ),194.9209,TG Southee
Saeed Ajmal (PAK),133.2885,Saeed Ajmal
Aaqib Javed (PAK),180.7277,Aaqib Javed
Imran Khan (PAK),156.2364,Imran Khan
RA Jadeja (INDIA),203.1515,RA Jadeja
Umar Gul (PAK),163.2245,Umar Gul
SCJ Broad (ENG),166.3369,SCJ Broad
NW Bracken (AUS),135.5199,NW Bracken
Imran Tahir (SA),136.1798,Imran Tahir
JDP Oram (NZ),161.5158,JDP Oram
IK Pathan (INDIA),160.1044,IK Pathan
MA Starc (AUS),114.4,MA Starc
NLTC Perera (SL),172.489,NLTC Perera
A Flintoff (ENG/ICC),133.2508,A Flintoff
SR Watson (AUS),169.6984,SR Watson
CH Gayle (ICC/WI),190.795,CH Gayle
TA Boult (NZ),130.0657,TA Boult
Mushtaq Ahmed (PAK),172.6381,Mushtaq Ahmed
Sir RJ Hadlee (NZ),115.9578,Sir RJ Hadlee
Shoaib Malik (PAK),200.9646,Shoaib Malik
MD Marshall (WI),141.9758,MD Marshall
A Nehra (Asia/INDIA),158.1407,A Nehra
M Prabhakar (INDIA),147.836,M Prabhakar
GB Hogg (AUS),136.3313,GB Hogg
SR Tendulkar (INDIA),224.0072,SR Tendulkar
BAW Mendis (SL),108.6408,BAW Mendis
UDU Chandana (SL),156.3073,UDU Chandana
R Ashwin (INDIA),158.6865,R Ashwin
SE Bond (NZ),102.3901,SE Bond
J Garner (WI),97.57729,J Garner
IT Botham (ENG),138.6639,IT Botham
AU Rashid (ENG),145.2103,AU Rashid
JN Gillespie (AUS),120.9561,JN Gillespie
MA Holding (WI),106.284,MA Holding
CR Woakes (ENG),138.9958,CR Woakes
EJ Chatfield (NZ),124.6433,EJ Chatfield
Mohammad Hafeez (PAK),181.4573,Mohammad Hafeez
HDPK Dharmasena (SL),166.371,HDPK Dharmasena
SB Styris (NZ),160.7651,SB Styris
Mohammed Shami (INDIA),110.7808,Mohammed Shami
MF Maharoof (SL),125.7693,MF Maharoof
LE Plunkett (ENG),129.7256,LE Plunkett
DW Fleming (AUS),114.5208,DW Fleming
JO Holder (WI),155.2934,JO Holder
Rashid Khan (AFG),84.76093,Rashid Khan
A Symonds (AUS),164.8317,A Symonds
P Utseya (ZIM),207.4973,P Utseya
Abdul Qadir (PAK),118.2521,Abdul Qadir
B Kumar (INDIA),150.3034,B Kumar
M Dillon (WI),141.3139,M Dillon
Mohammad Nabi (AFG),143.3543,Mohammad Nabi
RJ Shastri (INDIA),158.4018,RJ Shastri
JE Taylor (WI),125.1309,JE Taylor
DK Morrison (NZ),118.0269,DK Morrison
Rubel Hossain (BDESH),140.8858,Rubel Hossain
Mohammad Rafique (Asia/BDESH),160.4236,Mohammad Rafique
KAJ Roach (WI),125.7655,KAJ Roach
Azhar Mahmood (PAK),162.848,Azhar Mahmood
Mohammad Sami (PAK),120.2903,Mohammad Sami
AG Cremer (ZIM),123.1983,AG Cremer
IR Bishop (WI),109.0395,IR Bishop
IVA Richards (WI),147.0068,IVA Richards
K Rabada (SA),109.1525,K Rabada
R Rampaul (WI),116.6766,R Rampaul
Dawlat Zadran (AFG),115.4806,Dawlat Zadran
PAJ DeFreitas (ENG),133.1707,PAJ DeFreitas
AD Mathews (SL),137.4307,AD Mathews
I Sharma (INDIA),119.5365,I Sharma
Wahab Riaz (PAK),133.7286,Wahab Riaz
WJ Cronje (SA),139.9005,WJ Cronje
MC Snedden (NZ),113.784,MC Snedden
GR Larsen (NZ),143.0093,GR Larsen
KJ O'Brien (IRE),126.3304,KJ O'Brien
PD Collingwood (ENG),149.3206,PD Collingwood
Mudassar Nazar (PAK),121.9712,Mudassar Nazar
Yuvraj Singh (Asia/INDIA),151.3992,Yuvraj Singh
Junaid Khan (PAK),109.9796,Junaid Khan
Naved-ul-Hasan (PAK),109.8087,Naved-ul-Hasan
DR Tuffey (NZ),122.2835,DR Tuffey
TT Bresnan (ENG),129.798,TT Bresnan
GP Wickramasinghe (SL),151.2845,GP Wickramasinghe
SP O'Donnell (AUS),110.5756,SP O'Donnell
DNT Zoysa (SL),113.5397,DNT Zoysa
RAS Lakmal (SL),119.2815,RAS Lakmal
Mustafizur Rahman (BDESH),85.46976,Mustafizur Rahman
PA de Silva (SL),149.7198,PA de Silva
TM Dilshan (SL),170.6832,TM Dilshan
A Nel (SA),104.0383,A Nel
PR Reiffel (AUS),112.5336,PR Reiffel
UT Yadav (INDIA),120.5295,UT Yadav
GW Flower (ZIM),151.3294,GW Flower
WB Rankin (ENG/IRE),102.4802,WB Rankin
GP Swann (ENG),103.1951,GP Swann
JJ Bumrah (INDIA),81.44086,JJ Bumrah
DK Lillee (AUS),80.83969,DK Lillee
C Pringle (NZ),88.67407,C Pringle
ST Finn (ENG),105.5089,ST Finn
E Chigumbura (Afr/ZIM),148.5956,E Chigumbura
WKM Benjamin (WI),112.3846,WKM Benjamin
SC Ganguly (Asia/INDIA),140.3294,SC Ganguly
RA Harper (WI),126.3176,RA Harper
CK Langeveldt (SA),104.5619,CK Langeveldt
RW Price (ZIM),131.0214,RW Price
NJ Astle (NZ),138.7052,NJ Astle
Kuldeep Yadav (INDIA),87.72358,Kuldeep Yadav
CJ McKay (AUS),85.82279,CJ McKay
PL Taylor (AUS),101.4108,PL Taylor
N Boje (Afr/SA),124.6601,N Boje
PJ Cummins (AUS),93.09526,PJ Cummins
JP Faulkner (AUS),104.3316,JP Faulkner
V Sehwag (Asia/ICC/INDIA),155.1037,V Sehwag
PA Strang (ZIM),115.9752,PA Strang
TL Chatara (ZIM),103.9362,TL Chatara
PS de Villiers (SA),101.1514,PS de Villiers
AJ Hall (SA),92.87944,AJ Hall
WD Parnell (SA),96.961,WD Parnell
LL Tsotsobe (SA),85.98926,LL Tsotsobe
MJ Henry (NZ),87.59513,MJ Henry
SP Narine (WI),91.65008,SP Narine
AC Cummins (CAN/WI),106.0757,AC Cummins
CB Mpofu (ZIM),125.0985,CB Mpofu
BP Patterson (WI),83.10272,BP Patterson
BL Cairns (NZ),103.3502,BL Cairns
GH Dockrell (IRE),122.3475,GH Dockrell
Saleem Malik (PAK),112.7516,Saleem Malik
MN Samuels (WI),152.4138,MN Samuels
TM Alderman (AUS),81.12458,TM Alderman
GF Lawson (AUS),101.0868,GF Lawson
GJ Whittall (ZIM),127.7152,GJ Whittall
AME Roberts (WI),71.66688,AME Roberts
MM Patel (INDIA),96.80171,MM Patel
Aamer Sohail (PAK),139.7017,Aamer Sohail
YS Chahal (INDIA),83.16685,YS Chahal
IJ Harvey (AUS),96.68499,IJ Harvey
RM Hogg (AUS),94.06196,RM Hogg
JR Ratnayeke (SL),106.682,JR Ratnayeke
ME Waugh (AUS),113.4513,ME Waugh
MM Ali (ENG),149.0677,MM Ali
CD Collymore (WI),111.8423,CD Collymore
Mohammad Irfan (PAK),95.71943,Mohammad Irfan
PV Simmons (WI),111.1398,PV Simmons
Hasan Ali (PAK),87.56387,Hasan Ali
MJ McClenaghan (NZ),84.41627,MJ McClenaghan
CG Rackemann (AUS),73.04526,CG Rackemann
JEC Franklin (NZ),125.0114,JEC Franklin
Mohammad Amir (PAK),91.15079,Mohammad Amir
DJG Sammy (WI),145.6942,DJG Sammy
RGD Willis (ENG),82.2315,RGD Willis
CR Matthews (SA),79.4209,CR Matthews
A Ranatunga (SL),145.7486,A Ranatunga
AJ Bichel (AUS),95.60356,AJ Bichel
IDR Bradshaw (WI),90.02813,IDR Bradshaw
RMH Binny (INDIA),88.30638,RMH Binny
Iftikhar Anjum (PAK),93.22324,Iftikhar Anjum
P Kumar (INDIA),105.1311,P Kumar
R McLaren (SA),80.47261,R McLaren
JE Emburey (ENG),93.74491,JE Emburey
SJ Harmison (ENG),94.74905,SJ Harmison
RD King (WI),72.73324,RD King
Mahmudullah (BDESH),135.591,Mahmudullah
RJ Ratnayake (SL),105.3822,RJ Ratnayake
GB Brent (ZIM),106.8711,GB Brent
RJ Peterson (SA),103.8849,RJ Peterson
S Sreesanth (INDIA),93.2306,S Sreesanth
HMRKB Herath (SL),94.37693,HMRKB Herath
TJ Murtagh (IRE),90.38538,TJ Murtagh
W Watson (NZ),90.48194,W Watson
AR Border (AUS),87.01024,AR Border
RS Kalpage (SL),117.3981,RS Kalpage
S Madan Lal (INDIA),87.07687,S Madan Lal
J Botha (Afr/SA),115.2086,J Botha
GS Chappell (AUS),86.36915,GS Chappell
JR Hazlewood (AUS),72.41653,JR Hazlewood
PL Symcox (SA),111.71,PL Symcox
DBL Powell (WI),88.99112,DBL Powell
Sohail Tanvir (PAK),99.70625,Sohail Tanvir
SC Williams (ZIM),130.1356,SC Williams
EA Brandes (ZIM),90.02435,EA Brandes
BM McMillan (SA),105.2007,BM McMillan
AD Russell (WI),85.5859,AD Russell
BA Stokes (ENG),111.3126,BA Stokes
AR Caddick (ENG),82.25812,AR Caddick
JP Duminy (SA),124.6288,JP Duminy
SB Joshi (INDIA),101.6572,SB Joshi
MJ Santner (NZ),99.89541,MJ Santner
Shafiul Islam (BDESH),93.8317,Shafiul Islam
RP Singh (INDIA),91.07125,RP Singh
RR Singh (INDIA),119.8864,RR Singh
CPH Ramanayake (SL),84.6474,CPH Ramanayake
MA Ealham (ENG),91.90889,MA Ealham
LH Ferguson (NZ),68.37458,LH Ferguson
JR Hopes (AUS),97.74962,JR Hopes
MS Kasprowicz (AUS),69.43091,MS Kasprowicz
Khaled Mahmud (BDESH),113.05,Khaled Mahmud
C Sharma (INDIA),93.50291,C Sharma
DT Johnston (IRE),88.07177,DT Johnston
CC Lewis (ENG),80.52749,CC Lewis
Maninder Singh (INDIA),87.95079,Maninder Singh
T Panyangara (ZIM),118.179,T Panyangara
AL Phehlukwayo (SA),77.18936,AL Phehlukwayo
C White (ENG),72.65177,C White
A Zampa (AUS),92.56433,A Zampa
A Mishra (INDIA),62.90875,A Mishra
DJ Nash (NZ),108.0546,DJ Nash
AR Cusack (IRE),64.34155,AR Cusack
NM Hauritz (AUS),89.12743,NM Hauritz
NL McCullum (NZ),119.9837,NL McCullum
Mujeeb Ur Rahman (AFG),62.17478,Mujeeb Ur Rahman
AD Mullally (ENG),75.70747,AD Mullally
SLV Raju (INDIA),85.14463,SLV Raju
BA Reid (AUS),94.40704,BA Reid
Sarfraz Nawaz (PAK),65.72142,Sarfraz Nawaz
DE Bollinger (AUS),63.20447,DE Bollinger
SW Tait (AUS),60.78577,SW Tait
DT Hondo (ZIM),88.03082,DT Hondo
DR Smith (WI),95.22359,DR Smith
Syed Rasel (BDESH),86.36731,Syed Rasel
MA Wood (ENG),96.10777,MA Wood
CJ Anderson (NZ),61.44446,CJ Anderson
FH Edwards (WI),75.37308,FH Edwards
JC Tredwell (ENG),70.83501,JC Tredwell
ALF de Mel (SL),93.85121,ALF de Mel
NA Foster (ENG),80.58162,NA Foster
Gulbadin Naib (AFG),81.85335,Gulbadin Naib
Hamid Hassan (AFG),58.19774,Hamid Hassan
JDS Neesham (NZ),74.07711,JDS Neesham
Shadab Khan (PAK),73.54822,Shadab Khan
Sikandar Raza (ZIM),96.57911,Sikandar Raza
Tapash Baisya (BDESH),99.48561,Tapash Baisya
KM Jarvis (ZIM),86.80424,KM Jarvis
HK Olonga (ZIM),80.99011,HK Olonga
GC Small (ENG),85.54225,GC Small
MJ Clarke (AUS),95.6013,MJ Clarke
GRJ Matthews (AUS),88.31263,GRJ Matthews
DS Mohanty (INDIA),71.25807,DS Mohanty
T Mupariwa (ZIM),72.02216,T Mupariwa
Arshad Khan (PAK),87.21408,Arshad Khan
R Telemachus (SA),67.82052,R Telemachus
XJ Doherty (AUS),96.4635,XJ Doherty
AF Giles (ENG),92.23824,AF Giles
Tauseef Ahmed (PAK),100.9475,Tauseef Ahmed
JR Thomson (AUS),86.38593,JR Thomson
JV Coney (NZ),92.87452,JV Coney
N Pradeep (SL),82.90899,N Pradeep
HH Pandya (INDIA),92.74599,HH Pandya
AR Adams (NZ),71.42637,AR Adams
SR Clark (AUS),65.94611,SR Clark
LS Pascoe (AUS),50.30746,LS Pascoe
SMSM Senanayake (SL),82.91991,SMSM Senanayake
GI Allott (NZ),54.78804,GI Allott
NM Coulter-Nile (AUS),67.35656,NM Coulter-Nile
KSC de Silva (SL),59.28872,KSC de Silva
DS Lehmann (AUS),66.91122,DS Lehmann
TM Moody (AUS),92.34098,TM Moody
KA Pollard (WI),87.89405,KA Pollard
DJ Willey (ENG),80.56821,DJ Willey
A Dananjaya (SL),66.82537,A Dananjaya
VC Drakes (WI),59.10116,VC Drakes
BJ McCarthy (IRE),58.93435,BJ McCarthy
AM Blignaut (ZIM),90.67585,AM Blignaut
GJ Maxwell (AUS),110.2392,GJ Maxwell
JA Morkel (Afr/SA),83.40804,JA Morkel
T Thushara (SL),63.08819,T Thushara
CD McMillan (NZ),79.5074,CD McMillan
AR Nurse (WI),93.7856,AR Nurse
JS Patel (NZ),76.16921,JS Patel
GR Dilley (ENG),64.16396,GR Dilley
S Lee (AUS),59.88315,S Lee
JF Mooney (IRE),73.73531,JF Mooney
CH Morris (SA),78.0553,CH Morris
ARC Fraser (ENG),71.96137,ARC Fraser
Shahadat Hossain (BDESH),94.24755,Shahadat Hossain
M Amarnath (INDIA),95.09836,M Amarnath
N Chopra (INDIA),63.31692,N Chopra
NAM McLean (WI),80.4098,NAM McLean
Mirwais Ashraf (AFG),67.53116,Mirwais Ashraf
Mohammad Asif (Asia/PAK),72.10747,Mohammad Asif
SB O'Connor (NZ),63.56302,SB O'Connor
Samiullah Shinwari (AFG),81.16465,Samiullah Shinwari
BC Strang (ZIM),83.54234,BC Strang
MR Whitney (AUS),64.37468,MR Whitney
RDB Croft (ENG),85.34133,RDB Croft
GF Labrooy (SL),87.90158,GF Labrooy
NO Miller (WI),79.19571,NO Miller
CM Old (ENG),53.62558,CM Old
AR Patel (INDIA),68.73866,AR Patel
DN Patel (NZ),110.2248,DN Patel
EC Rainsford (ZIM),68.24122,EC Rainsford
Taskin Ahmed (BDESH),63.49637,Taskin Ahmed
AR Whittall (ZIM),107.9033,AR Whittall
SP Davis (AUS),61.09116,SP Davis
S Elworthy (SA),61.46273,S Elworthy
AH Gray (WI),43.93735,AH Gray
RJ Harris (AUS),41.14397,RJ Harris
VJ Marks (ENG),59.26462,VJ Marks
MR Marsh (AUS),72.95665,MR Marsh
Nazmul Hossain (BDESH),65.98132,Nazmul Hossain
DR Pringle (ENG),82.93927,DR Pringle
RP Snell (SA),76.47676,RP Snell
DP Viljoen (ZIM),79.07569,DP Viljoen
JC Adams (WI),74.54978,JC Adams
CR Brathwaite (WI),81.09918,CR Brathwaite
CJ Jordan (ENG),69.83237,CJ Jordan
Shapoor Zadran (AFG),76.66618,Shapoor Zadran
PR Stirling (IRE),92.91025,PR Stirling
KLT Arthurton (WI),58.69167,KLT Arthurton
AC Botha (IRE),57.88576,AC Botha
JW Hastings (AUS),61.15067,JW Hastings
Imad Wasim (PAK),90.55646,Imad Wasim
AR McBrine (IRE),74.98019,AR McBrine
SA Thomson (NZ),79.81361,SA Thomson
Aftab Alam (AFG),51.74382,Aftab Alam
DG Cork (ENG),68.49737,DG Cork
CE Cuffy (WI),75.24206,CE Cuffy
SM Ervine (ZIM),74.02705,SM Ervine
HA Gomes (WI),54.38943,HA Gomes
AF Milne (NZ),76.15202,AF Milne
L Ngidi (SA),46.23934,L Ngidi
VD Philander (SA),50.2634,VD Philander
Amir Hamza (AFG),55.1654,Amir Hamza
RP Arnold (SL),89.36611,RP Arnold
RS Bopara (ENG),77.45778,RS Bopara
Saleem Jaffar (PAK),71.06104,Saleem Jaffar
Shaheen Shah Afridi (PAK),42.21971,Shaheen Shah Afridi
SJ Benn (WI),96.01203,SJ Benn
PT Collins (WI),62.2941,PT Collins
SS Cottrell (WI),62.28851,SS Cottrell
WW Davis (WI),69.57649,WW Davis
GD Elliott (NZ),59.80816,GD Elliott
WK McCallan (IRE),65.00026,WK McCallan
H Masakadza (ZIM),84.07277,H Masakadza
TBA May (AUS),92.27737,TBA May
IS Sodhi (NZ),69.50765,IS Sodhi
Akram Raza (PAK),89.01716,Akram Raza
D Bishoo (WI),84.13987,D Bishoo
MG Hughes (AUS),60.83453,MG Hughes
AJ Ireland (ZIM),56.96517,AJ Ireland
R Vinay Kumar (INDIA),68.96239,R Vinay Kumar
TJ Friend (ZIM),88.48514,TJ Friend
MR Gillespie (NZ),68.8184,MR Gillespie
EE Hemmings (ENG),68.8785,EE Hemmings
M Kartik (INDIA),82.01998,M Kartik
Mehidy Hasan Miraz (BDESH),79.05343,Mehidy Hasan Miraz
KS Williamson (NZ),68.85885,KS Williamson
HMCM Bandara (SL),64.45174,HMCM Bandara
EAE Baptiste (WI),83.20177,EAE Baptiste
MG Bevan (AUS),89.52255,MG Bevan
AIC Dodemaide (AUS),45.75235,AIC Dodemaide
SB Doull (NZ),75.92064,SB Doull
GA Gooch (ENG),83.50789,GA Gooch
S Randiv (SL),63.35394,S Randiv
SK Raina (INDIA),96.82734,SK Raina
CJ Chibhabha (ZIM),82.61994,CJ Chibhabha
M Hendrick (ENG),42.88731,M Hendrick
NC Johnson (ZIM),65.45053,NC Johnson
Naeem Islam (BDESH),75.52575,Naeem Islam
BA Williams (AUS),47.0122,BA Williams
KJ Abbott (SA),57.44519,KJ Abbott
L Balaji (INDIA),69.68079,L Balaji
TL Best (WI),60.88161,TL Best
PKD Chase (IRE),67.42725,PKD Chase
OD Gibson (WI),34.91457,OD Gibson
VB John (SL),91.65393,VB John
RR Powar (INDIA),65.18961,RR Powar
JA Rennie (ZIM),84.41255,JA Rennie
KW Richardson (AUS),55.79262,KW Richardson
Tahir Naqqash (PAK),68.10187,Tahir Naqqash
Usman Shinwari (PAK),35.44062,Usman Shinwari
KCG Benjamin (WI),53.78881,KCG Benjamin
JG Bracewell (NZ),103.4006,JG Bracewell
ST Gabriel (WI),58.98772,ST Gabriel
YK Pathan (INDIA),72.85951,YK Pathan
Shabbir Ahmed (PAK),67.94416,Shabbir Ahmed
Sikander Bakht (PAK),51.07175,Sikander Bakht
EO Simons (SA),48.26248,EO Simons
MP Stoinis (AUS),74.30604,MP Stoinis
SD Anurasiri (SL),85.23205,SD Anurasiri
PP Chawla (INDIA),61.30939,PP Chawla
AC Dale (AUS),60.50823,AC Dale
DS de Silva (SL),87.61511,DS de Silva
MJ Hoggard (ENG),62.75552,MJ Hoggard
AJ Hollioake (ENG),56.93731,AJ Hollioake
JM Kemp (Afr/SA),59.23881,JM Kemp
KTGD Prasad (SL),52.35513,KTGD Prasad
S Prasanna (SL),93.4808,S Prasanna
GB Troup (NZ),47.74552,GB Troup
DL Underwood (ENG),47.48908,DL Underwood
BV Vitori (ZIM),60.76291,BV Vitori
Arshad Ayub (INDIA),72.65419,Arshad Ayub
JW Dernbach (ENG),68.37297,JW Dernbach
KS Lokuarachchi (SL),43.93407,KS Lokuarachchi
MJ Mason (NZ),57.22911,MJ Mason
MM Sharma (INDIA),56.27254,MM Sharma
Abdur Rehman (PAK),69.19176,Abdur Rehman
CEH Croft (WI),41.7849,CEH Croft
GA Hick (ENG),61.4799,GA Hick
RK Illingworth (ENG),64.32385,RK Illingworth
AS Joseph (WI),59.25932,AS Joseph
SI Mahmood (ENG),63.95984,SI Mahmood
DA Marillier (ZIM),72.25183,DA Marillier
PR Adams (SA),50.38224,PR Adams
RK Chauhan (INDIA),73.52128,RK Chauhan
MD Crowe (NZ),60.96498,MD Crowe
Hasibul Hossain (BDESH),73.65682,Hasibul Hossain
BW Hilfenhaus (AUS),61.69756,BW Hilfenhaus
NM Lyon (AUS),77.60611,NM Lyon
Manzoor Elahi (PAK),77.19085,Manzoor Elahi
BA Murphy (ZIM),66.69431,BA Murphy
D Pretorius (SA),49.13957,D Pretorius
FA Rose (WI),62.46585,FA Rose
RJ Sidebottom (ENG),61.18567,RJ Sidebottom
IG Butler (NZ),59.79829,IG Butler
WW Hinds (WI),51.70761,WW Hinds
BMAJ Mendis (SL),71.21018,BMAJ Mendis
SPD Smith (AUS),58.4131,SPD Smith
DT Tiripano (ZIM),64.6328,DT Tiripano
Ata-ur-Rehman (PAK),72.64073,Ata-ur-Rehman
HK Bennett (NZ),38.64912,HK Bennett
TK Curran (ENG),46.40532,TK Curran
PW Gunaratne (SL),53.40635,PW Gunaratne
KM Jadhav (INDIA),62.67576,KM Jadhav
AJ McKay (NZ),48.49806,AJ McKay
PJ Martin (ENG),50.86385,PJ Martin
RAP Nissanka (SL),52.14502,RAP Nissanka
CA Young (IRE),35.37356,CA Young
PH Edmonds (ENG),66.59036,PH Edmonds
AP Gurusinha (SL),100.1419,AP Gurusinha
AM Phangiso (SA),53.67693,AM Phangiso
DN Crookes (SA),64.51141,DN Crookes
LM Jongwe (ZIM),48.0726,LM Jongwe
A Kuruvilla (INDIA),58.01925,A Kuruvilla
D Langford-Smith (IRE),50.85466,D Langford-Smith
SW Masakadza (ZIM),51.94672,SW Masakadza
G Miller (ENG),57.44453,G Miller
K Srikkanth (INDIA),43.48429,K Srikkanth
AR White (IRE),46.39323,AR White
KIW Wijegunawardene (SL),62.57478,KIW Wijegunawardene
Alok Kapali (BDESH),80.3488,Alok Kapali
Arafat Sunny (BDESH),41.94051,Arafat Sunny
ID Blackwell (ENG),61.05259,ID Blackwell
C de Grandhomme (NZ),68.80949,C de Grandhomme
Harvinder Singh (INDIA),39.82089,Harvinder Singh
RC Irani (ENG),66.10106,RC Irani
PW Jarvis (ENG),45.79268,PW Jarvis
JK Lever (ENG),52.28309,JK Lever
Manjural Islam (BDESH),82.77636,Manjural Islam
Mohammad Saifuddin (BDESH),55.96204,Mohammad Saifuddin
Nasir Hossain (BDESH),66.22656,Nasir Hossain
MS Panesar (ENG),66.22588,MS Panesar
SR Patel (ENG),68.61889,SR Patel
KR Pushpakumara (SL),76.26089,KR Pushpakumara
JA Richardson (AUS),39.76318,JA Richardson
O Thomas (WI),49.18769,O Thomas
Yasir Shah (PAK),71.93787,Yasir Shah
Aizaz Cheema (PAK),39.69006,Aizaz Cheema
JC Archer (ENG),40.03901,JC Archer
DAJ Bracewell (NZ),53.04685,DAJ Bracewell
NG Cowans (ENG),64.77788,NG Cowans
KM Dabengwa (ZIM),62.55574,KM Dabengwa
WW Daniel (WI),44.4729,WW Daniel
SR Gillespie (NZ),51.26476,SR Gillespie
ND Hirwani (INDIA),50.24555,ND Hirwani
TG Hogan (AUS),43.81894,TG Hogan
Manjural Islam Rana (BDESH),50.06765,Manjural Islam Rana
DR Brown (ENG/SCOT),60.20283,DR Brown
DM de Silva (SL),61.20043,DM de Silva
DR Doshi (INDIA),40.50479,DR Doshi
Farhad Reza (BDESH),68.02113,Farhad Reza
DAS Gunaratne (SL),49.67871,DAS Gunaratne
BP Julian (AUS),67.09155,BP Julian
RN Lewis (WI),66.35288,RN Lewis
ML Nkala (ZIM),99.25125,ML Nkala
MW Pringle (SA),45.15988,MW Pringle
JE Root (ENG),90.21295,JE Root
SK Sharma (INDIA),56.15811,SK Sharma
Sohag Gazi (BDESH),51.04353,Sohag Gazi
Al-Amin Hossain (BDESH),37.95279,Al-Amin Hossain
JT Ball (ENG),64.36783,JT Ball
DH Brain (ZIM),76.68183,DH Brain
AC Dawson (SA),51.88975,AC Dawson
RMS Eranga (SL),46.75376,RMS Eranga
CN Evans (ZIM),59.4704,CN Evans
M Hayward (SA),59.7876,M Hayward
NB Mahwire (ZIM),54.00387,NB Mahwire
WP Masakadza (ZIM),52.0079,WP Masakadza
Mohsin Kamal (PAK),53.25755,Mohsin Kamal
PP Ojha (INDIA),48.83536,PP Ojha
Wasim Raja (PAK),54.09311,Wasim Raja
MH Yardy (ENG),76.00109,MH Yardy
Kabir Ali (ENG),46.8549,Kabir Ali
STR Binny (INDIA),32.74083,STR Binny
TS Chisoro (ZIM),43.39443,TS Chisoro
DT Christian (AUS),44.63216,DT Christian
Faheem Ashraf (PAK),54.4999,Faheem Ashraf
DR Hadlee (NZ),32.32957,DR Hadlee
A Jadeja (INDIA),80.78879,A Jadeja
N Madziva (ZIM),36.60903,N Madziva
KMA Paul (WI),50.82587,KMA Paul
NO Perry (WI),57.35496,NO Perry
Rashid Khan (PAK),73.17625,Rashid Khan
DA Reeve (ENG),63.28692,DA Reeve
Shoaib Mohammad (PAK),55.25482,Shoaib Mohammad
MHN Walker (AUS),48.31257,MHN Walker
GG Arnold (ENG),34.20525,GG Arnold
PVD Chameera (SL),58.32963,PVD Chameera
TM Chappell (AUS),43.62953,TM Chappell
Enamul Haque (BDESH),78.80914,Enamul Haque
AW Greig (ENG),51.46248,AW Greig
VA Holder (WI),38.54987,VA Holder
RD Jackman (ENG),48.9684,RD Jackman
DS Kulkarni (INDIA),38.93335,DS Kulkarni
BJ McKechnie (NZ),42.82916,BJ McKechnie
JN Maguire (AUS),60.07006,JN Maguire
Mohammad Akram (PAK),60.52713,Mohammad Akram
Mushfiqur Rahman (BDESH),75.83708,Mushfiqur Rahman
PDRL Perera (SL),59.23331,PDRL Perera
Shahid Nazir (PAK),50.0735,Shahid Nazir
T Shamsi (SA),58.11632,T Shamsi
Sohail Khan (PAK),44.70776,Sohail Khan
AJ Traicos (ZIM),96.36796,AJ Traicos
PCR Tufnell (ENG),57.29611,PCR Tufnell
Anwar Ali (PAK),67.94169,Anwar Ali
GD Campbell (AUS),35.8661,GD Campbell
RO Collinge (NZ),45.37245,RO Collinge
DR Gilbert (AUS),44.28483,DR Gilbert
DJ Hussey (AUS),55.03246,DJ Hussey
BD Julien (WI),42.42656,BD Julien
AP Kuiper (SA),40.78006,AP Kuiper
J Lewis (ENG),43.03978,J Lewis
CS Martin (NZ),61.97888,CS Martin
Mohammad Ashraful (Asia/BDESH),52.75764,Mohammad Ashraful
B Muzarabani (ZIM),54.85304,B Muzarabani
MV Nagamootoo (WI),76.26722,MV Nagamootoo
AH Omarshah (ZIM),65.21155,AH Omarshah
Rahat Ali (PAK),48.9105,Rahat Ali
GC Smith (Afr/SA),74.73942,GC Smith
RE van der Merwe (NL/SA),51.73913,RE van der Merwe
KC Wessels (AUS/SA),53.08991,KC Wessels
AG Wharf (ENG),36.66228,AG Wharf
LR Williams (WI),44.08898,LR Williams
DJ Capel (ENG),66.60521,DJ Capel
EAR de Silva (SL),82.62893,EAR de Silva
MV Fleming (ENG),36.39195,MV Fleming
HH Kanitkar (INDIA),65.63588,HH Kanitkar
JJC Lawson (WI),40.19477,JJC Lawson
Mohammad Nawaz (3) (PAK),48.95506,Mohammad Nawaz
J Nyumbu (ZIM),59.01659,J Nyumbu
PADLR Sandakan (SL),74.84291,PADLR Sandakan
A Shahzad (ENG),40.62498,A Shahzad
PM Siddle (AUS),60.33825,PM Siddle
J Theron (SA/USA),31.13874,J Theron
Asif Iqbal (PAK),36.87605,Asif Iqbal
JP Behrendorff (AUS),43.4897,JP Behrendorff
SM Boland (AUS),57.05329,SM Boland
GJ Gilmour (AUS),19.3924,GJ Gilmour
SHU Karnain (SL),44.13647,SHU Karnain
DE Malcolm (ENG),36.34397,DE Malcolm
S Matsikenyeri (ZIM),82.34762,S Matsikenyeri
JL Pattinson (AUS),55.06452,JL Pattinson
BS Sandhu (INDIA),69.11942,BS Sandhu
RR Sarwan (WI),50.42422,RR Sarwan
MC Sorensen (IRE),42.31639,MC Sorensen
RJW Topley (ENG),35.27903,RJW Topley
MP Vaughan (ENG),57.13729,MP Vaughan
R Vijay Bharadwaj (INDIA),27.88211,R Vijay Bharadwaj
Zakir Khan (PAK),43.94716,Zakir Khan
MR Adair (IRE),41.93544,MR Adair
KK Ahmed (INDIA),39.54334,KK Ahmed
PJW Allott (ENG),53.73498,PJW Allott
Azeem Hafeez (PAK),51.9129,Azeem Hafeez
SL Boock (NZ),48.42063,SL Boock
Danish Kaneria (PAK),61.12216,Danish Kaneria
G Dymock (AUS),46.14898,G Dymock
TCB Fernando (SL),51.79968,TCB Fernando
KD Ghavri (INDIA),67.01523,KD Ghavri
NC McGarrell (WI),60.8812,NC McGarrell
KH MacLeay (AUS),58.23747,KH MacLeay
SS Pathirana (SL),60.43297,SS Pathirana
SM Patil (INDIA),57.36058,SM Patil
Rajin Saleh (BDESH),41.66413,Rajin Saleh
AK Sharma (INDIA),79.16677,AK Sharma
L Sivaramakrishnan (INDIA),51.13316,L Sivaramakrishnan
CT Tremlett (ENG),60.36182,CT Tremlett
JTC Vaughan (NZ),48.69676,JTC Vaughan
UWMBCA Welegedara (SL),37.32543,UWMBCA Welegedara
LJ Wright (ENG),77.12506,LJ Wright
F Behardien (SA),63.66779,F Behardien
DE Bernard (WI),49.23288,DE Bernard
GS Blewett (AUS),59.33218,GS Blewett
S Chanderpaul (WI),63.20611,S Chanderpaul
GJ Cosier (AUS),28.31834,GJ Cosier
JWM Dalrymple (ENG),63.1508,JWM Dalrymple
Enamul Haque jnr (BDESH),42.24998,Enamul Haque jnr
UC Hathurusingha (SL),69.12266,UC Hathurusingha
Jalal-ud-Din (PAK),23.14796,Jalal-ud-Din
D Mongia (INDIA),52.73252,D Mongia
Mosaddek Hossain (BDESH),70.96727,Mosaddek Hossain
IE O'Brien (NZ),41.63413,IE O'Brien
Rahmat Shah (AFG),45.96217,Rahmat Shah
Rumman Raees (PAK),40.7752,Rumman Raees
JA Snow (ENG),31.22593,JA Snow
Sohrawordi Shuvo (BDESH),55.76133,Sohrawordi Shuvo
SA Ankola (INDIA),62.19952,SA Ankola
MP Bicknell (ENG),35.05329,MP Bicknell
KD Boyce (WI),35.03824,KD Boyce
ST Clarke (WI),33.34938,ST Clarke
PC Connell (IRE),49.03065,PC Connell
PWH de Silva (SL),38.9525,PWH de Silva
MN Hart (NZ),41.906,MN Hart
RS Higgins (ZIM),41.03501,RS Higgins
Ijaz Faqih (PAK),83.65494,Ijaz Faqih
CBRLS Kumara (SL),53.86627,CBRLS Kumara
Majid Khan (PAK),44.77663,Majid Khan
AD Mascarenhas (ENG),63.74049,AD Mascarenhas
Minhajul Abedin (BDESH),48.35076,Minhajul Abedin
Mohammad Hussain (PAK),54.22709,Mohammad Hussain
ASA Perera (SL),49.83616,ASA Perera
MDK Perera (SL),40.16808,MDK Perera
Sharafuddin Ashraf (AFG),57.89635,Sharafuddin Ashraf
JN Snape (ENG),41.6568,JN Snape
Tareq Aziz (BDESH),40.63283,Tareq Aziz
JJ van der Wath (SA),49.87801,JJ van der Wath
P Willey (ENG),72.10091,P Willey
P Wilson (AUS),45.50106,P Wilson
Aftab Ahmed (BDESH),67.50005,Aftab Ahmed
M Azharuddin (INDIA),55.97549,M Azharuddin
HR Bryan (WI),57.22264,HR Bryan
IP Butchart (ZIM),63.2568,IP Butchart
ADR Campbell (ZIM),48.93128,ADR Campbell
AB Dinda (INDIA),57.61331,AB Dinda
AM Ellis (NZ),44.57011,AM Ellis
RM Ellison (ENG),57.51165,RM Ellison
TM Head (AUS),71.38112,TM Head
PA Hitchcock (NZ),48.66262,PA Hitchcock
AG Hurst (AUS),28.43602,AG Hurst
Iqbal Qasim (PAK),54.23866,Iqbal Qasim
Kabir Khan (PAK),32.71651,Kabir Khan
TP Kamungozi (ZIM),71.24595,TP Kamungozi
RK Kleinveldt (SA),46.04602,RK Kleinveldt
CM Kuggeleijn (NZ),65.42595,CM Kuggeleijn
GA Lamb (ZIM),51.69198,GA Lamb
SG Law (AUS),67.95564,SG Law
RJ McCurdy (AUS),41.96797,RJ McCurdy
DR Martyn (AUS),74.53851,DR Martyn
SF Mire (ZIM),50.35941,SF Mire
RG Petrie (NZ),51.22122,RG Petrie
PWE Rawson (ZIM),62.30481,PWE Rawson
JD Ryder (NZ),41.16763,JD Ryder
Simi Singh (IRE),44.26685,Simi Singh
SR Thompson (IRE),50.38921,SR Thompson
AJ Tye (AUS),38.38334,AJ Tye
I Udana (SL),60.65646,I Udana
KEA Upashantha (SL),49.6823,KEA Upashantha
CL White (AUS),36.13903,CL White
PJ Wiseman (NZ),39.55202,PJ Wiseman
Aamer Nazir (PAK),39.25324,Aamer Nazir
VR Aaron (INDIA),42.04813,VR Aaron
LS Baker (WI),40.24262,LS Baker
RL Chase (WI),57.94735,RL Chase
R Clarke (ENG),45.70965,R Clarke
HT Davis (NZ),44.95666,HT Davis
HF Gurney (ENG),45.67851,HF Gurney
Haris Sohail (PAK),64.1909,Haris Sohail
DW Headley (ENG),56.59233,DW Headley
HJ Howarth (NZ),38.42315,HJ Howarth
RL Johnson (ENG),32.6523,RL Johnson
CL King (WI),62.88858,CL King
NM Kulkarni (INDIA),39.90235,NM Kulkarni
RT Latham (NZ),44.53974,RT Latham
P Lever (ENG),35.22582,P Lever
AA Mallett (AUS),42.32307,AA Mallett
MF Malone (AUS),44.89561,MF Malone
A Martin (WI),37.30101,A Martin
EZ Matambanadzo (ZIM),27.31672,EZ Matambanadzo
M Mbangwa (ZIM),121.9017,M Mbangwa
DR Parry (WI),32.02643,DR Parry
RL Powell (WI),52.23614,RL Powell
TT Samaraweera (SL),62.21782,TT Samaraweera
Shafiuddin Ahmed (BDESH),46.87479,Shafiuddin Ahmed
A van der Merwe (IRE),38.59549,A van der Merwe
JDF Vandersay (SL),49.56339,JDF Vandersay
AS Wassan (INDIA),35.98248,AS Wassan
M Zondeki (Afr/SA),53.8303,M Zondeki
MW Alleyne (ENG),36.70681,MW Alleyne
MA Aponso (SL),43.99135,MA Aponso
TD Astle (NZ),29.66486,TD Astle
DJ Callaghan (SA),44.76716,DJ Callaghan
M de Lange (SA),23.98843,M de Lange
R Dhanraj (WI),24.67025,R Dhanraj
MW Gatting (ENG),42.31315,MW Gatting
NG Jones (IRE),34.10928,NG Jones
RR Kulkarni (INDIA),43.02369,RR Kulkarni
DK Liyanage (SL),62.05345,DK Liyanage
Mohammad Sharif (BDESH),50.42125,Mohammad Sharif
Mohammad Zahid (PAK),48.92142,Mohammad Zahid
D Mohammed (WI),32.66296,D Mohammed
Naimur Rahman (BDESH),105.8701,Naimur Rahman
RJ Nicol (NZ),38.04135,RJ Nicol
KR Rutherford (NZ),41.66667,KR Rutherford
RL Sanghvi (INDIA),48.95314,RL Sanghvi
Sanwar Hossain (BDESH),55.41399,Sanwar Hossain
MD Shanaka (SL),32.14106,MD Shanaka
G Sharma (INDIA),45.93425,G Sharma
MN Waller (ZIM),67.73568,MN Waller
Ziaur Rahman (BDESH),38.09557,Ziaur Rahman
KN Amalean (SL),31.46219,KN Amalean
MKDI Amerasinghe (SL),46.56972,MKDI Amerasinghe
ML Cummins (WI),55.31165,ML Cummins
KM Curran (ZIM),53.07767,KM Curran
MH Dekker (ZIM),38.77692,MH Dekker
GRA de Silva (SL),34.69664,GRA de Silva
PLS Gamage (SL),48.0707,PLS Gamage
MP Jarvis (ZIM),60.68218,MP Jarvis
Javed Ahmadi (AFG),43.8958,Javed Ahmadi
Khaliq Dad (AFG),24.76307,Khaliq Dad
RJ Kirtley (ENG),60.26828,RJ Kirtley
T Kumaran (INDIA),43.54418,T Kumaran
DT Mutendera (ZIM),43.18115,DT Mutendera
JL Ontong (Afr/SA),54.77183,JL Ontong
CAK Rajitha (SL),44.53546,CAK Rajitha
TG Shaw (SA),46.26373,TG Shaw
TAM Siriwardana (SL),67.403,TAM Siriwardana
Soumya Sarkar (BDESH),40.76708,Soumya Sarkar
S Sriram (INDIA),36.24954,S Sriram
ML Su'a (NZ),49.15123,ML Su'a
BRM Taylor (ZIM),67.70429,BRM Taylor
SD Udal (ENG),58.39532,SD Udal
RM West (IRE),42.36389,RM West
D Wiese (SA),37.8447,D Wiese
HS Williams (SA),33.39436,HS Williams
KOK Williams (WI),37.6528,KOK Williams
B Wood (ENG),37.43254,B Wood
RA Woolmer (ENG),35.18692,RA Woolmer
Abdur Rauf (PAK),29.34561,Abdur Rauf
AC Agar (AUS),55.30404,AC Agar
SL Campbell (WI),27.36159,SL Campbell
RP de Groen (NZ),65.50812,RP de Groen
Dolar Mahmud (BDESH),32.34221,Dolar Mahmud
SF Graf (AUS),55.11356,SF Graf
EJ Gray (NZ),44.00163,EJ Gray
Hasan Jamil (PAK),26.1243,Hasan Jamil
BC Hollioake (ENG),74.57413,BC Hollioake
Izatullah Dawlatzai (AFG),24.38997,Izatullah Dawlatzai
DPMD Jayawardene (Asia/SL),83.11283,DPMD Jayawardene
AR Kapoor (INDIA),94.5393,AR Kapoor
MKGCP Lakshitha (SL),36.83545,MKGCP Lakshitha
TJ Laughlin (AUS),35.22849,TJ Laughlin
CH Lloyd (WI),38.7521,CH Lloyd
ACI Lock (ZIM),33.63298,ACI Lock
JFM Morrison (NZ),32.53241,JFM Morrison
PWA Mulder (SA),41.84532,PWA Mulder
Naved Anjum (PAK),52.34214,Naved Anjum
Nawroz Mangal (AFG),36.27379,Nawroz Mangal
R Ngarava (ZIM),51.56965,R Ngarava
A Nortje (SA),23.64524,A Nortje
SG Peall (ZIM),99.36869,SG Peall
V Permaul (WI),39.76581,V Permaul
MW Priest (NZ),84.43154,MW Priest
HP Rinke (ZIM),37.38085,HP Rinke
GR Robertson (AUS),65.31557,GR Robertson
RG Sharma (INDIA),76.56044,RG Sharma
AM Stuart (AUS),20.11665,AM Stuart
CEL Stuart (WI),31.00785,CEL Stuart
SN Thakur (INDIA),44.0583,SN Thakur
JD Unadkat (INDIA),34.24618,JD Unadkat
BGK Walker (NZ),70.88673,BGK Walker
B Warnapura (SL),47.72554,B Warnapura
VJ Wells (ENG),43.74874,VJ Wells
BM Wheeler (NZ),41.74465,BM Wheeler
RGCE Wijesuriya (SL),40.08677,RGCE Wijesuriya
NS Yadav (INDIA),36.6052,NS Yadav
S Abid Ali (INDIA),37.62322,S Abid Ali
Aminul Islam (BDESH),75.34629,Aminul Islam
Asif Mujtaba (PAK),101.2043,Asif Mujtaba
KBJ Azad (INDIA),48.13984,KBJ Azad
SB Bangar (INDIA),59.55695,SB Bangar
OAC Banks (WI),34.01173,OAC Banks
BS Bedi (INDIA),64.4902,BS Bedi
RE Bryson (SA),51.04692,RE Bryson
RP Burl (ZIM),31.69559,RP Burl
BE Congdon (NZ),51.42066,BE Congdon
GJ Crocker (ZIM),48.93074,GJ Crocker
AB de Villiers (Afr/SA),34.77095,AB de Villiers
DAG Fletcher (ZIM),38.00873,DAG Fletcher
CW Henderson (SA),26.56926,CW Henderson
MC Henriques (AUS),48.05958,MC Henriques
AG Huckle (ZIM),105.6835,AG Huckle
Javed Miandad (PAK),56.99575,Javed Miandad
SP Jones (ENG),45.47755,SP Jones
JJ Krejza (AUS),54.29384,JJ Krejza
ML Lewis (AUS),53.52354,ML Lewis
Mahbubul Alam (BDESH),38.00297,Mahbubul Alam
B Mavuta (ZIM),40.06533,B Mavuta
Mominul Haque (BDESH),32.41031,Mominul Haque
EA Moseley (WI),44.55453,EA Moseley
C Munro (NZ),74.36456,C Munro
T Muzarabani (ZIM),58.18224,T Muzarabani
AK Patel (INDIA),60.58072,AK Patel
KP Pietersen (ENG/ICC),74.03383,KP Pietersen
OA Shah (ENG),30.22201,OA Shah
Shahid Mahboob (PAK),65.3592,Shahid Mahboob
BB Sran (INDIA),41.80043,BB Sran
B Stanlake (AUS),50.26891,B Stanlake
GB Stevenson (ENG),24.17468,GB Stevenson
CP Tremain (AUS),52.78129,CP Tremain
SL Watkin (ENG),32.25285,SL Watkin
B Yardley (AUS),25.00226,B Yardley
Zaheer Abbas (PAK),38.45029,Zaheer Abbas
Athar Ali Khan (BDESH),79.4593,Athar Ali Khan
ID Austin (ENG),67.02395,ID Austin
IR Bell (ENG),20.00919,IR Bell
Bilawal Bhatti (PAK),69.24283,Bilawal Bhatti
GE Bradburn (NZ),57.10435,GE Bradburn
N Deonarine (WI),79.15667,N Deonarine
LHD Dilhara (SL),48.79129,LHD Dilhara
KHRK Fernando (SL),33.22109,KHRK Fernando
SC Getkate (IRE),24.83623,SC Getkate
MD Gunathilaka (SL),51.03167,MD Gunathilaka
RO Hinds (WI),64.70317,RO Hinds
Imran Farhat (PAK),21.77125,Imran Farhat
Karim Sadiq (AFG),43.47338,Karim Sadiq
PN Kirsten (SA),29.72549,PN Kirsten
PE McEwan (NZ),63.88516,PE McEwan
SCG MacGill (AUS),24.70551,SCG MacGill
KA Maharaj (SA),30.86823,KA Maharaj
KO Meth (ZIM),69.06191,KO Meth
CT Mutombodzi (ZIM),64.16019,CT Mutombodzi
Naveen-ul-Haq (AFG),35.64046,Naveen-ul-Haq
MJR Rindel (SA),43.15093,MJR Rindel
GK Robertson (NZ),65.39955,GK Robertson
BG Rogers (ZIM),53.43248,BG Rogers
Saeed Anwar (PAK),41.62463,Saeed Anwar
Saiful Islam (BDESH),61.74866,Saiful Islam
R Sharma (INDIA),48.38446,R Sharma
CEW Silverwood (ENG),45.50022,CEW Silverwood
NMK Smith (ENG),37.88575,NMK Smith
DA Stirling (NZ),38.02229,DA Stirling
Taijul Islam (BDESH),45.72548,Taijul Islam
Talha Jubair (BDESH),54.69094,Talha Jubair
HP Tillakaratne (SL),32.041,HP Tillakaratne
AC Voges (AUS),48.73756,AC Voges
KPJ Warnaweera (SL),40.91138,KPJ Warnaweera
K Weeraratne (SL),70.02622,K Weeraratne
Jai P Yadav (INDIA),58.90812,Jai P Yadav
Abu Jayed (BDESH),23.2235,Abu Jayed
Asif Masood (PAK),59.82697,Asif Masood
ST Banerjee (INDIA),43.4679,ST Banerjee
GJ Batty (ENG),76.2291,GJ Batty
A Bhandari (INDIA),22.19332,A Bhandari
Bilal Asif (PAK),23.71664,Bilal Asif
G Boycott (ENG),28.09116,G Boycott
D Brown (WI),27.63385,D Brown
MG Burmester (ZIM),57.00979,MG Burmester
IW Callen (AUS),32.53465,IW Callen
J Cameron-Dow (IRE),33.98597,J Cameron-Dow
TK Canning (NZ),55.48365,TK Canning
NGB Cook (ENG),24.72741,NGB Cook
DJ Cullinan (SA),32.79903,DJ Cullinan
BCJ Cutting (AUS),36.82682,BCJ Cutting
PC de Silva (SL),54.73999,PC de Silva
Elias Sunny (BDESH),51.50151,Elias Sunny
GM Ewing (ZIM),67.91537,GM Ewing
Fareed Ahmad (AFG),29.79052,Fareed Ahmad
Fawad Alam (PAK),74.53476,Fawad Alam
MVT Fernando (SL),76.0805,MVT Fernando
Gholam Nousher (BDESH),83.29595,Gholam Nousher
RC Haynes (WI),48.1664,RC Haynes
RO Hurley (WI),66.38106,RO Hurley
Ijaz Ahmed (PAK),108.2942,Ijaz Ahmed
S Jeganathan (SL),62.25877,S Jeganathan
RJ Kennedy (NZ),57.02756,RJ Kennedy
SC Kuggeleijn (NZ),15.67706,SC Kuggeleijn
JB Little (IRE),46.5987,JB Little
MAWR Madurasinghe (SL),79.32778,MAWR Madurasinghe
Manzoor Akhtar (PAK),53.29124,Manzoor Akhtar
Mohammad Hasnain (PAK),68.60589,Mohammad Hasnain
Mohammad Khalil (PAK),29.24602,Mohammad Khalil
J Mulder (IRE),33.7169,J Mulder
Nadeem Ghauri (PAK),54.71604,Nadeem Ghauri
Naseer Malik (PAK),27.90989,Naseer Malik
BP Nash (WI),49.46774,BP Nash
Nazmul Islam (BDESH),47.39768,Nazmul Islam
TS Nethula (NZ),49.74293,TS Nethula
ARM Opatha (SL),41.74698,ARM Opatha
SMA Priyanjan (SL),48.50877,SMA Priyanjan
DB Rundle (SA),36.14695,DB Rundle
Saleem Altaf (PAK),41.89853,Saleem Altaf
IDK Salisbury (ENG),35.73738,IDK Salisbury
TAP Sekhar (INDIA),28.64998,TAP Sekhar
RS Sodhi (INDIA),79.22658,RS Sodhi
Sunzamul Islam (BDESH),23.59134,Sunzamul Islam
MK Tiwary (INDIA),28.95314,MK Tiwary
GC Tonge (WI),65.72665,GC Tonge
S Venkataraghavan (INDIA),144.0592,S Venkataraghavan
T Yohannan (INDIA),25.23823,T Yohannan
Aamer Hanif (PAK),31.60762,Aamer Hanif
FA Allen (WI),97.9474,FA Allen
J Angel (AUS),33.62939,J Angel
Azhar Ali (PAK),76.42899,Azhar Ali
Azhar Hossain (BDESH),70.40505,Azhar Hossain
GR Beard (AUS),22.99437,GR Beard
DM Benkenstein (SA),15.54981,DM Benkenstein
MJ Bennett (AUS),77.94629,MJ Bennett
JL Carter (WI),36.52769,JL Carter
NA David (INDIA),38.50079,NA David
AP Devcich (NZ),72.63853,AP Devcich
R Dravid (Asia/ICC/INDIA),64.97325,R Dravid
CJ Drum (NZ),55.54793,CJ Drum
Ehsan Adil (PAK),52.6095,Ehsan Adil
AJ Finch (AUS),61.4923,AJ Finch
N Gifford (ENG),37.3871,N Gifford
MW Goodwin (ZIM),54.95068,MW Goodwin
MJ Guptill (NZ),29.74978,MJ Guptill
R Illingworth (ENG),26.82311,R Illingworth
Intikhab Alam (PAK),34.08659,Intikhab Alam
KCB Jeremy (WI),57.61362,KCB Jeremy
AH Jones (NZ),62.29568,AH Jones
Jubair Hossain (BDESH),28.18203,Jubair Hossain
V Kohli (INDIA),155.2774,V Kohli
BC Lara (ICC/WI),21.44896,BC Lara
B Laughlin (AUS),52.13955,B Laughlin
DV Lawrence (ENG),17.7273,DV Lawrence
OC McCoy (WI),24.3251,OC McCoy
A McGrath (ENG),47.83509,A McGrath
LD Madushanka (SL),53.53311,LD Madushanka
T Maruma (ZIM),53.45614,T Maruma
Mehrab Hossain jnr (BDESH),54.91698,Mehrab Hossain jnr
JP Millmow (NZ),58.5441,JP Millmow
Mohammad Talha (PAK),32.9292,Mohammad Talha
Mosharraf Hossain (BDESH),40.89958,Mosharraf Hossain
AMN Munasinghe (SL),42.54221,AMN Munasinghe
G Onions (ENG),46.31631,G Onions
SD Parry (ENG),25.96534,SD Parry
D Paterson (SA),50.40188,D Paterson
MR Ramprakash (ENG),29.90845,MR Ramprakash
AM Salvi (INDIA),35.07099,AM Salvi
V Shankar (INDIA),52.06067,V Shankar
Sheikh Salahuddin (BDESH),73.13268,Sheikh Salahuddin
ED Solkar (INDIA),64.56348,ED Solkar
BR Taylor (NZ),37.94308,BR Taylor
DJ Terbrugge (SA),28.26658,DJ Terbrugge
ME Trescothick (ENG),55.58989,ME Trescothick
AJ Tudor (ENG),32.1078,AJ Tudor
RG Twose (NZ),60.74383,RG Twose
PS Vaidya (INDIA),42.56915,PS Vaidya
MDJ Walker (NZ),46.07239,MDJ Walker
HR Walsh (USA/WI),38.64354,HR Walsh
KD Walters (AUS),68.65522,KD Walters
RJ Webb (NZ),32.25829,RJ Webb
JW Wilson (NZ),58.23847,JW Wilson
Yasir Arafat (PAK),89.99865,Yasir Arafat
B Yograj Singh (INDIA),50.36748,B Yograj Singh
Zulfiqar Babar (PAK),77.91771,Zulfiqar Babar
Aamer Malik (PAK),32.89869,Aamer Malik
Abu Hider (BDESH),31.29775,Abu Hider
JP Agnew (ENG),53.81767,JP Agnew
HAG Anthony (WI),61.15354,HAG Anthony
Asghar Afghan (AFG),38.086,Asghar Afghan
AM Bacher (SA),27.91075,AM Bacher
HK Badani (INDIA),51.5042,HK Badani
Bhupinder Singh snr (INDIA),28.5817,Bhupinder Singh snr
RJ Bright (AUS),120.5864,RJ Bright
DK Butler (WI),64.83945,DK Butler
BS Chandrasekhar (INDIA),31.76577,BS Chandrasekhar
U Chatterjee (INDIA),42.76824,U Chatterjee
WM Clark (AUS),26.16491,WM Clark
LA Dawson (ENG),28.93652,LA Dawson
RL Dias (SL),22.22923,RL Dias
BL D'Oliveira (ENG),52.51531,BL D'Oliveira
KG Duers (ZIM),97.66279,KG Duers
Ehsanul Haque (BDESH),54.94763,Ehsanul Haque
Fawad Ahmed (AUS),44.58708,Fawad Ahmed
IS Gallage (SL),40.17068,IS Gallage
JC Gamage (SL),36.60186,JC Gamage
B Geeves (AUS),26.84808,B Geeves
RS Ghai (INDIA),94.66226,RS Ghai
AP Grayson (ENG),24.61056,AP Grayson
Haafiz Shahid (PAK),52.65654,Haafiz Shahid
PL Harris (SA),40.87845,PL Harris
Hasti Gul (AFG),29.78833,Hasti Gul
GP Howarth (NZ),27.10425,GP Howarth
Inzamam-ul-Haq (Asia/PAK),28.83941,Inzamam-ul-Haq
Iqbal Sikander (PAK),54.11971,Iqbal Sikander
SD Jack (SA),31.07457,SD Jack
GSNFG Jayasuriya (SL),88.2631,GSNFG Jayasuriya
DM Jones (AUS),33.57953,DM Jones
Junaid Zia (PAK),42.22684,Junaid Zia
AI Kallicharran (WI),27.5686,AI Kallicharran
Kamran Hussain (PAK),27.05975,Kamran Hussain
DSK Madushanka (SL),11.97105,DSK Madushanka
AK Markram (SA),39.58671,AK Markram
RAL Massie (AUS),47.41938,RAL Massie
JM Mennie (AUS),54.47903,JM Mennie
PL Mhambrey (INDIA),38.16136,PL Mhambrey
A Mithun (INDIA),57.89832,A Mithun
Mohammad Nazir (PAK),72.39847,Mohammad Nazir
N M'shangwe (ZIM),103.107,N M'shangwe
N Ncube (ZIM),20.55044,N Ncube
D Olivier (SA),37.43943,D Olivier
Pervez Mir (PAK),31.41933,Pervez Mir
RT Ponting (AUS/ICC),47.2551,RT Ponting
GD Porter (AUS),22.97671,GD Porter
R Powell (WI),73.9024,R Powell
D Ramnarine (WI),54.80127,D Ramnarine
SK Ranasinghe (SL),50.32084,SK Ranasinghe
AT Rayudu (INDIA),39.17049,AT Rayudu
Sabbir Rahman (BDESH),97.44783,Sabbir Rahman
GS Sandhu (AUS),35.78325,GS Sandhu
Sarandeep Singh (INDIA),65.26542,Sarandeep Singh
KF Semple (WI),54.78918,KF Semple
Shahid Saeed (PAK),58.42961,Shahid Saeed
R Shepherd (WI),33.57991,R Shepherd
V Sibanda (Afr/ZIM),96.70844,V Sibanda
KR Stackpole (AUS),21.69875,KR Stackpole
LW Stott (NZ),20.17985,LW Stott
GP Sulzberger (NZ),36.72764,GP Sulzberger
AR Tait (NZ),32.83552,AR Tait
HDRL Thirimanne (SL),34.23581,HDRL Thirimanne
JG Thomas (ENG),45.85298,JG Thomas
FJ Titmus (ENG),34.35278,FJ Titmus
MS Tshabalala (SA),46.55677,MS Tshabalala
S Tyagi (INDIA),47.27725,S Tyagi
Wajahatullah Wasti (PAK),21.09192,Wajahatullah Wasti
LJ Woodcock (NZ),49.11251,LJ Woodcock
GN Yallop (AUS),55.69301,GN Yallop
Younis Khan (PAK),90.28408,Younis Khan
Zafar Iqbal (PAK),51.49008,Zafar Iqbal
Zahid Ahmed (PAK),41.24843,Zahid Ahmed
Aamer Yamin (PAK),82.78354,Aamer Yamin
Abdullah Mazari (AFG),33.52804,Abdullah Mazari
Ahmed Shehzad (PAK),57.56683,Ahmed Shehzad
Asad Ali (PAK),65.40317,Asad Ali
SV Bahutule (INDIA),124.4511,SV Bahutule
A Balbirnie (IRE),31.11636,A Balbirnie
MRCN Bandaratilleke (SL),56.44657,MRCN Bandaratilleke
MD Bates (NZ),31.43303,MD Bates
DR Briggs (ENG),23.9391,DR Briggs
BS Browne (WI),88.17994,BS Browne
PH Carlson (AUS),53.26212,PH Carlson
DL Chahar (INDIA),71.14334,DL Chahar
IM Chappell (AUS),16.7799,IM Chappell
GA Cope (ENG),33.98115,GA Cope
CS Cowdrey (ENG),25.08743,CS Cowdrey
DJ Cullen (AUS),78.4627,DJ Cullen
SM Curran (ENG),36.3158,SM Curran
DLS de Silva (SL),39.36814,DLS de Silva
BR Dorey (AUS),67.68773,BR Dorey
F du Plessis (SA),85.33582,F du Plessis
CE Eksteen (SA),102.3334,CE Eksteen
D Elgar (SA),37.35856,D Elgar
KADM Fernando (SL),14.46543,KADM Fernando
MLC Foster (WI),13.99015,MLC Foster
RC Fredericks (WI),7.36904,RC Fredericks
D Gamage (SL),40.26372,D Gamage
WCA Ganegama (SL),50.55881,WCA Ganegama
Gazi Ashraf (BDESH),36.47324,Gazi Ashraf
LR Gibbs (WI),48.25647,LR Gibbs
Golam Faruq (BDESH),81.42887,Golam Faruq
MS Gony (INDIA),35.47528,MS Gony
TR Gripper (ZIM),44.08854,TR Gripper
Hammad Azam (PAK),80.26823,Hammad Azam
SM Harwood (AUS),42.93968,SM Harwood
O Henry (SA),75.61809,O Henry
RG Holland (AUS),49.76418,RG Holland
MEK Hussey (AUS),107.2548,MEK Hussey
AP Igglesden (ENG),63.03295,AP Igglesden
Irfan Bhatti (PAK),17.64575,Irfan Bhatti
Jahangir Shah (BDESH),102.8041,Jahangir Shah
LWS Kaluperuma (SL),90.36051,LWS Kaluperuma
SHT Kandamby (SL),91.09037,SHT Kandamby
CK Kapugedera (SL),106.8418,CK Kapugedera
GJP Kruger (SA),60.78609,GJP Kruger
Liaqat Ali (PAK),80.68533,Liaqat Ali
J Louw (SA),66.87597,J Louw
GD McKenzie (AUS),20.15525,GD McKenzie
Mansoor Akhtar (PAK),55.62279,Mansoor Akhtar
GC Martin (ZIM),65.88053,GC Martin
SC Meaker (ENG),65.02538,SC Meaker
Morshed Ali Khan (BDESH),49.46646,Morshed Ali Khan
PV Mpitsang (SA),28.77558,PV Mpitsang
J Mubarak (SL),51.15547,J Mubarak
SP Mukherjee (INDIA),60.50986,SP Mukherjee
MG Neser (AUS),64.15934,MG Neser
IA Nicolson (ZIM),57.77263,IA Nicolson
KJ O'Keeffe (AUS),47.29031,KJ O'Keeffe
DR O'Sullivan (NZ),63.97714,DR O'Sullivan
Parvez Rasool (INDIA),28.07767,Parvez Rasool
HSM Pieris (SL),73.8415,HSM Pieris
NV Radford (ENG),124.22,NV Radford
WV Raman (INDIA),73.00794,WV Raman
AN Ranasinghe (SL),143.7159,AN Ranasinghe
NLK Ratnayake (SL),59.84222,NLK Ratnayake
RA Reifer (WI),40.84174,RA Reifer
GJ Rennie (ZIM),38.40972,GJ Rennie
CEB Rice (SA),55.83131,CEB Rice
EJ Richardson (IRE),28.19775,EJ Richardson
Robiul Islam (BDESH),54.86257,Robiul Islam
LN Roche (ZIM),79.64054,LN Roche
Rokhan Barakzai (AFG),25.1944,Rokhan Barakzai
Saadat Ali (PAK),14.91802,Saadat Ali
Sadiq Mohammad (PAK),16.69781,Sadiq Mohammad
NA Saini (INDIA),27.74031,NA Saini
Sajjad Akbar (PAK),25.1073,Sajjad Akbar
RB Simpson (AUS),43.70745,RB Simpson
CL Smith (ENG),16.49625,CL Smith
PC Strydom (SA),99.14184,PC Strydom
T Taibu (Afr/ZIM),51.69323,T Taibu
Tanvir Ahmed (PAK),32.90524,Tanvir Ahmed
DC Thomas (WI),23.00426,DC Thomas
PIC Thompson (WI),49.82321,PIC Thompson
GP Thorpe (ENG),50.08203,GP Thorpe
IJL Trott (ENG),76.93865,IJL Trott
CM Tuckett (WI),21.61851,CM Tuckett
M van Jaarsveld (SA),13.71695,M van Jaarsveld
M Venkataramana (INDIA),23.20354,M Venkataramana
KP Walmsley (NZ),67.66278,KP Walmsley
GD Watson (AUS),34.63839,GD Watson
RK Whelan (IRE),57.82509,RK Whelan
CM Willoughby (SA),83.98856,CM Willoughby
Yamin Ahmadzai (AFG),65.08645,Yamin Ahmadzai
Zafar Gohar (PAK),42.54839,Zafar Gohar
Zahir Khan (AFG),42.57343,Zahir Khan
Aamer Hameed (PAK),70.32632,Aamer Hameed
SA Abbott (AUS),25.41645,SA Abbott
Ahmed Kamal (BDESH),46.19087,Ahmed Kamal
GW Aldridge (NZ),88.65927,GW Aldridge
Aminul Islam jnr (BDESH),43.92341,Aminul Islam jnr
B Arun (INDIA),100.7148,B Arun
KMC Bandara (SL),75.38229,KMC Bandara
Basit Ali (PAK),24.96822,Basit Ali
RR Beaton (WI),100.3091,RR Beaton
JE Benjamin (ENG),51.45177,JE Benjamin
BR Blair (NZ),28.84639,BR Blair
GK Bose (INDIA),61.43687,GK Bose
BP Bracewell (NZ),62.12522,BP Bracewell
KC Brathwaite (WI),136.153,KC Brathwaite
VR Brown (NZ),75.09693,VR Brown
MG Burgess (NZ),61.07501,MG Burgess
S Chattergoon (WI),55.45729,S Chattergoon
MT Chinouya (ZIM),65.51641,MT Chinouya
MJ Cosgrove (AUS),20.756,MJ Cosgrove
CJ Dala (SA),107.5317,CJ Dala
Dawlat Ahmadzai (AFG),111.7264,Dawlat Ahmadzai
JL Denly (ENG),54.55314,JL Denly
R Dhawan (INDIA),127.8172,R Dhawan
MS Dhoni (Asia/INDIA),37.5787,MS Dhoni
PS Eaglestone (IRE),59.09282,PS Eaglestone
GN Edwards (NZ),7.551127,GN Edwards
Faisal Hossain (BDESH),54.42389,Faisal Hossain
Fakhar Zaman (PAK),118.7367,Fakhar Zaman
TL Fernando (SL),32.49565,TL Fernando
SP Fleming (ICC/NZ),31.82742,SP Fleming
MJ Fourie (IRE),142.7414,MJ Fourie
AD Gaekwad (INDIA),54.16047,AD Gaekwad
D Ganesh (INDIA),39.0522,D Ganesh
TN Garwe (ZIM),37.76621,TN Garwe
RS Gavaskar (INDIA),62.22157,RS Gavaskar
SM Gavaskar (INDIA),38.77652,SM Gavaskar
Y Goonasekera (SL),47.18643,Y Goonasekera
CG Greenidge (WI),48.27552,CG Greenidge
Habibul Bashar (BDESH),148.5471,Habibul Bashar
LJ Hamilton (NZ),118.2082,LJ Hamilton
JR Hammond (AUS),57.03872,JR Hammond
MJ Haslam (NZ),42.25004,MJ Haslam
BE Hendricks (SA),96.90416,BE Hendricks
RR Hendricks (SA),54.63564,RR Hendricks
BJ Hodge (AUS),51.33694,BJ Hodge
DW Hookes (AUS),26.61649,DW Hookes
DL Houghton (ZIM),32.4688,DL Houghton
Iftikhar Ahmed (PAK),115.2375,Iftikhar Ahmed
Ijaz Ahmed jnr (PAK),41.0864,Ijaz Ahmed jnr
Imran Nazir (PAK),43.87362,Imran Nazir
PS Jayaprakashdaran (SL),26.42513,PS Jayaprakashdaran
TE Jesty (ENG),99.54025,TE Jesty
Joginder Sharma (INDIA),109.9489,Joginder Sharma
VG Kambli (INDIA),9.47,VG Kambli
Kashif Raza (PAK),29.77001,Kashif Raza
GE Kidd (IRE),160.3417,GE Kidd
R Lamba (INDIA),35.1016,R Lamba
D Lloyd (ENG),9.55962,D Lloyd
SV Manjrekar (INDIA),27.6175,SV Manjrekar
AV Mankad (INDIA),51.35736,AV Mankad
Mansoor Amjad (PAK),55.62253,Mansoor Amjad
AW Mathieson (NZ),44.08629,AW Mathieson
PHKD Mendis (SL),84.19527,PHKD Mendis
Mohammad Abbas (PAK),144.9416,Mohammad Abbas
Mohammad Yousuf (Asia/PAK),26.2644,Mohammad Yousuf
Mohsin Khan (PAK),11.4805,Mohsin Khan
Mujahid Jamshed (PAK),15.50885,Mujahid Jamshed
W Mwayenga (ZIM),131.2609,W Mwayenga
DP Nannes (AUS),28.41951,DP Nannes
SV Nayak (INDIA),158.4925,SV Nayak
A Ndlovu (ZIM),92.19941,A Ndlovu
Neeyamur Rashid (BDESH),76.70753,Neeyamur Rashid
AA Noffke (AUS),59.03743,AA Noffke
JS Paris (AUS),79.96641,JS Paris
JM Parker (NZ),14.06321,JM Parker
AJ Penn (NZ),147.6846,AJ Penn
N Phillip (WI),44.81317,N Phillip
PM Pushpakumara (SL),106.5131,PM Pushpakumara
S Ramesh (INDIA),48.94654,S Ramesh
N Ranatunga (SL),77.46991,N Ranatunga
SHA Rance (NZ),90.48483,SHA Rance
U Ranchod (ZIM),141.3071,U Ranchod
DW Randall (ENG),5.5138,DW Randall
Randhir Singh (INDIA),67.28406,Randhir Singh
SS Raul (INDIA),44.32113,SS Raul
Raza Hasan (PAK),69.9826,Raza Hasan
V Razdan (INDIA),83.32063,V Razdan
RB Reid (NZ),11.47654,RB Reid
RB Richardson (WI),65.29365,RB Richardson
ADG Roberts (NZ),38.41907,ADG Roberts
TS Roland-Jones (ENG),49.4418,TS Roland-Jones
RR Rossouw (SA),39.82862,RR Rossouw
Sayed Shirzad (AFG),60.12486,Sayed Shirzad
BN Schultz (SA),39.29271,BN Schultz
Shakeel Khan (PAK),60.44021,Shakeel Khan
M Shezi (SA),21.15361,M Shezi
LR Shukla (INDIA),102.3767,LR Shukla
K Shuttleworth (ENG),53.33139,K Shuttleworth
LPC Silva (SL),34.96603,LPC Silva
LMP Simmons (WI),136.1557,LMP Simmons
RP Singh (INDIA),82.2919,RP Singh
MA Small (WI),74.59709,MA Small
GS Sobers (WI),56.90765,GS Sobers
Sohaib Maqsood (PAK),42.62446,Sohaib Maqsood
VS Solanki (ENG),106.4161,VS Solanki
OP Stone (ENG),81.70235,OP Stone
GM Strydom (ZIM),69.94164,GM Strydom
R Strydom (IRE),62.94393,R Strydom
Subashis Roy (BDESH),61.03148,Subashis Roy
Tanvir Mehdi (PAK),73.8015,Tanvir Mehdi
Taufeeq Umar (PAK),67.01287,Taufeeq Umar
GJ Thompson (IRE),76.72562,GJ Thompson
AL Thomson (AUS),38.44178,AL Thomson
Tushar Imran (BDESH),111.6223,Tushar Imran
Usman Ghani (AFG),32.61212,Usman Ghani
MA Vermeulen (ZIM),8.16934,MA Vermeulen
M Vijay (INDIA),33.13672,M Vijay
L Vincent (NZ),38.99079,L Vincent
Washington Sundar (INDIA),53.84019,Washington Sundar
Wasim Haider (PAK),96.69503,Wasim Haider
S Weerakoon (SL),47.70457,S Weerakoon
S Wettimuny (SL),70.06143,S Wettimuny
SC Williams (WI),26.07946,SC Williams
DJ Worrall (AUS),134.7529,DJ Worrall
J Yadav (INDIA),16.23953,J Yadav
Yashpal Sharma (INDIA),179.5339,Yashpal Sharma
BE Young (AUS),198.7587,BE Young
AK Zesers (AUS),69.46313,AK Zesers
