Player,Fielders_score,Name
KC Sangakkara (Asia/ICC/SL),230.885,KC Sangakkara
AC Gilchrist (AUS/ICC),218.378,AC Gilchrist
MS Dhoni (Asia/INDIA),206.7383,MS Dhoni
MV Boucher (Afr/SA),200.638,MV Boucher
Moin Khan (PAK),134.3351515,Moin Khan
BB McCullum (NZ),127.4076,BB McCullum
IA Healy (AUS),109.9255,IA Healy
Mushfiqur Rahim (BDESH),109.4822,Mushfiqur Rahim
Rashid Latif (PAK),104.4454515,Rashid Latif
PJL Dujon (WI),98.96195149,PJL Dujon
JC Buttler (ENG),98.6417,JC Buttler
RS Kaluwitharana (SL),98.23065149,RS Kaluwitharana
D Ramdin (WI),90.93735149,D Ramdin
RD Jacobs (WI),90.70515149,RD Jacobs
Kamran Akmal (PAK),90.3161,Kamran Akmal
BJ Haddin (AUS),86.7406,BJ Haddin
A Flower (ZIM),86.6541,A Flower
AJ Stewart (ENG),84.2274,AJ Stewart
Q de Kock (SA),82.9939,Q de Kock
R Dravid (Asia/ICC/INDIA),82.1029,R Dravid
DJ Richardson (SA),79.4428,DJ Richardson
NR Mongia (INDIA),74.3684,NR Mongia
AB de Villiers (Afr/SA),72.6473,AB de Villiers
T Taibu (Afr/ZIM),72.3233,T Taibu
BRM Taylor (ZIM),72.12015149,BRM Taylor
AC Parore (NZ),71.83195149,AC Parore
DPMD Jayawardene (Asia/SL),69.0498,DPMD Jayawardene
Sarfaraz Ahmed (PAK),68.1357,Sarfaraz Ahmed
Khaled Mashud (BDESH),62.1694,Khaled Mashud
RW Marsh (AUS),60.9586,RW Marsh
SR Tendulkar (INDIA),58.1361,SR Tendulkar
MS Wade (AUS),57.7441,MS Wade
L Ronchi (AUS/NZ),56.6553,L Ronchi
RT Ponting (AUS/ICC),54.7141,RT Ponting
ST Jayasuriya (Asia/SL),54.2495,ST Jayasuriya
M Azharuddin (INDIA),51.1947,M Azharuddin
Shahid Afridi (Asia/ICC/PAK),51.0411,Shahid Afridi
Saleem Yousuf (PAK),50.36845149,Saleem Yousuf
NJ O'Brien (IRE),50.243,NJ O'Brien
M Muralitharan (Asia/ICC/SL),48.1074,M Muralitharan
Inzamam-ul-Haq (Asia/PAK),47.6822,Inzamam-ul-Haq
TM Dilshan (SL),47.1133,TM Dilshan
JH Kallis (Afr/ICC/SA),46.6831,JH Kallis
SD Hope (WI),46.2056,SD Hope
KS More (INDIA),45.2382,KS More
IDS Smith (NZ),44.7171,IDS Smith
Younis Khan (PAK),43.8568,Younis Khan
Mohammad Shahzad (AFG),43.8136,Mohammad Shahzad
SR Waugh (AUS),43.6073,SR Waugh
SP Fleming (ICC/NZ),43.5079,SP Fleming
HP Tillakaratne (SL),43.49095149,HP Tillakaratne
CH Gayle (ICC/WI),43.3577,CH Gayle
BC Lara (ICC/WI),42.7888,BC Lara
Wasim Akram (PAK),42.2339,Wasim Akram
AR Border (AUS),41.8729,AR Border
SM Pollock (Afr/ICC/SA),41.1823,SM Pollock
SC Ganguly (Asia/INDIA),40.7732,SC Ganguly
LRPL Taylor (NZ),40.7674,LRPL Taylor
V Kohli (INDIA),40.2624,V Kohli
PA de Silva (SL),39.726,PA de Silva
MJ Prior (ENG),39.6314,MJ Prior
TWM Latham (NZ),39.5029,TWM Latham
Umar Akmal (PAK),39.4903,Umar Akmal
Yuvraj Singh (Asia/INDIA),39.0787,Yuvraj Singh
Shoaib Malik (PAK),38.4819,Shoaib Malik
CL Hooper (WI),37.59705149,CL Hooper
GC Wilson (IRE),37.5181,GC Wilson
DL Vettori (ICC/NZ),37.3078,DL Vettori
HH Gibbs (SA),37.1612,HH Gibbs
ME Waugh (AUS),36.9653,ME Waugh
MJ Clarke (AUS),36.7799,MJ Clarke
JN Rhodes (SA),36.74195149,JN Rhodes
GO Jones (ENG/PNG),36.0282,GO Jones
Saleem Malik (PAK),35.8257,Saleem Malik
CZ Harris (NZ),35.57405149,CZ Harris
WPUJC Vaas (Asia/SL),35.2572,WPUJC Vaas
A Kumble (Asia/INDIA),35.1938,A Kumble
V Sehwag (Asia/ICC/INDIA),34.825,V Sehwag
RS Mahanama (SL),34.73515149,RS Mahanama
Ijaz Ahmed (PAK),34.66635149,Ijaz Ahmed
SK Raina (INDIA),34.4735,SK Raina
EJG Morgan (ENG/IRE),33.8129,EJG Morgan
CO Browne (WI),33.68945149,CO Browne
PD Collingwood (ENG),33.472,PD Collingwood
GC Smith (Afr/SA),33.171,GC Smith
S Chanderpaul (WI),32.9798,S Chanderpaul
MS Atapattu (SL),32.7073,MS Atapattu
LD Chandimal (SL),32.6746,LD Chandimal
Mohammad Yousuf (Asia/PAK),32.3211,Mohammad Yousuf
MEK Hussey (AUS),32.0202,MEK Hussey
A Ranatunga (SL),31.9257,A Ranatunga
C Kieswetter (ENG),31.7929,C Kieswetter
GW Flower (ZIM),31.6791,GW Flower
IVA Richards (WI),31.4451,IVA Richards
NJ Astle (NZ),31.35445149,NJ Astle
Mohammad Hafeez (PAK),31.2088,Mohammad Hafeez
Javed Miandad (PAK),31.1597,Javed Miandad
Wasim Bari (PAK),31.1255,Wasim Bari
JC Adams (WI),30.97505149,JC Adams
KD Karthik (INDIA),30.7589,KD Karthik
RG Sharma (INDIA),30.6287,RG Sharma
RB Richardson (WI),30.4102,RB Richardson
Harbhajan Singh (Asia/INDIA),30.3531,Harbhajan Singh
MG Bevan (AUS),29.9936,MG Bevan
MJ Guptill (NZ),29.8974,MJ Guptill
N Kapil Dev (INDIA),29.7169,N Kapil Dev
A Symonds (AUS),29.6465,A Symonds
E Chigumbura (Afr/ZIM),29.23895149,E Chigumbura
JP Duminy (SA),29.2354,JP Duminy
SK Warne (AUS/ICC),28.9023,SK Warne
HM Amla (SA),28.8556,HM Amla
DL Haynes (WI),28.81525149,DL Haynes
H Masakadza (ZIM),28.6379,H Masakadza
CL Cairns (ICC/NZ),28.3855,CL Cairns
ADR Campbell (ZIM),28.34655149,ADR Campbell
DR Martyn (AUS),28.104,DR Martyn
Mashrafe Mortaza (Asia/BDESH),28.0557,Mashrafe Mortaza
TD Paine (AUS),27.6393,TD Paine
JR Murray (WI),27.38455149,JR Murray
WJ Cronje (SA),27.2508,WJ Cronje
SB Styris (NZ),27.2194,SB Styris
Abdul Razzaq (Asia/PAK),27.0757,Abdul Razzaq
WU Tharanga (Asia/SL),26.9333,WU Tharanga
Waqar Younis (PAK),26.8713,Waqar Younis
B Lee (AUS),26.7809,B Lee
Saeed Anwar (PAK),26.7366,Saeed Anwar
GD McGrath (AUS/ICC),26.6099,GD McGrath
AD Mathews (SL),26.277,AD Mathews
AT Carey (AUS),26.1792,AT Carey
CS Baugh (WI),26.14995149,CS Baugh
SR Watson (AUS),26.0122,SR Watson
Mahmudullah (BDESH),25.9534,Mahmudullah
WB Phillips (AUS),25.9427,WB Phillips
G Kirsten (SA),25.8015,G Kirsten
Tamim Iqbal (BDESH),25.6945,Tamim Iqbal
A Jadeja (INDIA),25.5963,A Jadeja
DJ Bravo (WI),25.3346,DJ Bravo
MN Samuels (WI),25.223,MN Samuels
Shakib Al Hasan (BDESH),25.1749,Shakib Al Hasan
UDU Chandana (SL),25.15715149,UDU Chandana
F du Plessis (SA),25.0851,F du Plessis
N Dickwella (SL),25.0034,N Dickwella
JM Anderson (ENG),24.7158,JM Anderson
Misbah-ul-Haq (PAK),24.3702,Misbah-ul-Haq
JE Root (ENG),24.3445,JE Root
ML Hayden (AUS/ICC),24.298,ML Hayden
RC Russell (ENG),24.2631,RC Russell
MDKJ Perera (SL),24.1743,MDKJ Perera
J Srinath (INDIA),24.024,J Srinath
AB Agarkar (INDIA),23.9608,AB Agarkar
Z Khan (Asia/INDIA),23.5746,Z Khan
NLTC Perera (SL),23.5137,NLTC Perera
AL Logie (WI),23.30695149,AL Logie
CD McMillan (NZ),23.2224,CD McMillan
SL Malinga (SL),23.1936,SL Malinga
HH Streak (Afr/ZIM),23.14375149,HH Streak
RA Jadeja (INDIA),23.0993,RA Jadeja
D Williams (WI),22.8568,D Williams
MD Crowe (NZ),22.8421,MD Crowe
RP Arnold (SL),22.76585149,RP Arnold
CMW Read (ENG),22.7567,CMW Read
KJ O'Brien (IRE),22.71485149,KJ O'Brien
DM Jones (AUS),22.7134,DM Jones
KMDN Kulasekara (SL),22.6811,KMDN Kulasekara
KS Williamson (NZ),22.503,KS Williamson
IR Bell (ENG),22.3475,IR Bell
CEL Ambrose (WI),22.3344,CEL Ambrose
DC Boon (AUS),22.2854,DC Boon
RR Sarwan (WI),22.09345149,RR Sarwan
P Utseya (ZIM),21.92255149,P Utseya
WTS Porterfield (IRE),21.8848,WTS Porterfield
JDP Oram (NZ),21.856,JDP Oram
S Dhawan (INDIA),21.798,S Dhawan
DJG Sammy (WI),21.7541,DJG Sammy
DJ Cullinan (SA),21.71055149,DJ Cullinan
SPD Smith (AUS),21.6937,SPD Smith
Ramiz Raja (PAK),21.50955149,Ramiz Raja
CA Walsh (WI),21.4167,CA Walsh
PV Simmons (WI),21.416,PV Simmons
KD Mills (NZ),21.3275,KD Mills
GJ Maxwell (AUS),21.2914,GJ Maxwell
AJ Finch (AUS),21.2282,AJ Finch
DA Miller (SA),21.0505,DA Miller
Aamer Sohail (PAK),21.04605149,Aamer Sohail
AP Gurusinha (SL),21.01915149,AP Gurusinha
GA Hick (ENG),20.9105,GA Hick
JG Wright (NZ),20.7099,JG Wright
TE Blain (NZ),20.6605,TE Blain
Imran Khan (PAK),20.6215,Imran Khan
DSBP Kuruppu (SL),20.54305149,DSBP Kuruppu
Saqlain Mushtaq (PAK),20.4752,Saqlain Mushtaq
Mohammad Ashraful (Asia/BDESH),20.4404,Mohammad Ashraful
PA Patel (INDIA),20.4179,PA Patel
AJ Strauss (ENG),20.3257,AJ Strauss
SMH Kirmani (INDIA),20.2789,SMH Kirmani
KA Pollard (WI),20.0258,KA Pollard
L Klusener (SA),19.9959,L Klusener
DL Murray (WI),19.96335149,DL Murray
A Flintoff (ENG/ICC),19.9285,A Flintoff
DA Warner (AUS),19.9078,DA Warner
ME Trescothick (ENG),19.8075,ME Trescothick
M Kaif (INDIA),19.8067,M Kaif
BKV Prasad (INDIA),19.78115149,BKV Prasad
SC Williams (ZIM),19.66865149,SC Williams
Mohammad Nabi (AFG),19.5368,Mohammad Nabi
JM Bairstow (ENG),19.3982,JM Bairstow
M Ntini (ICC/SA),19.3482,M Ntini
MA Taylor (AUS),19.29505149,MA Taylor
RJ Shastri (INDIA),19.2769,RJ Shastri
K Srikkanth (INDIA),19.2114,K Srikkanth
TG Southee (NZ),18.8271,TG Southee
MG Johnson (AUS),18.7916,MG Johnson
GJ Whittall (ZIM),18.72555149,GJ Whittall
AA Donald (SA),18.5193,AA Donald
RA Harper (WI),18.4702,RA Harper
CG Greenidge (WI),18.40655149,CG Greenidge
Abdur Razzak (BDESH),18.3542,Abdur Razzak
G Gambhir (INDIA),18.3291,G Gambhir
KP Pietersen (ENG/ICC),18.3154,KP Pietersen
GA Gooch (ENG),18.2417,GA Gooch
JO Holder (WI),18.1565,JO Holder
Azhar Mahmood (PAK),18.1073,Azhar Mahmood
V Sibanda (Afr/ZIM),17.8264,V Sibanda
PR Stirling (IRE),17.7972,PR Stirling
KC Wessels (AUS/SA),17.69905149,KC Wessels
HDPK Dharmasena (SL),17.5688,HDPK Dharmasena
KR Rutherford (NZ),17.5566,KR Rutherford
Aaqib Javed (PAK),17.42295149,Aaqib Javed
D Gough (ENG/ICC),17.4053,D Gough
DI Gower (ENG),17.3737,DI Gower
CRD Fernando (Asia/SL),17.2813,CRD Fernando
RW Taylor (ENG),17.2758,RW Taylor
DB Vengsarkar (INDIA),17.2352,DB Vengsarkar
Shoaib Akhtar (Asia/ICC/PAK),17.2067,Shoaib Akhtar
Mushtaq Ahmed (PAK),17.1827,Mushtaq Ahmed
RR Singh (INDIA),17.1108,RR Singh
HDRL Thirimanne (SL),17.1023,HDRL Thirimanne
RG de Alwis (SL),17.0321,RG de Alwis
WK Lees (NZ),16.9851,WK Lees
SS Karim (INDIA),16.9545,SS Karim
LK Germon (NZ),16.94965149,LK Germon
RL Powell (WI),16.68765149,RL Powell
CR Woakes (ENG),16.6388,CR Woakes
GB Hogg (AUS),16.5131,GB Hogg
CS Pandit (INDIA),16.41575149,CS Pandit
SV Carlisle (ZIM),16.37245149,SV Carlisle
CJ McDermott (AUS),16.3639,CJ McDermott
L Vincent (NZ),16.23925149,L Vincent
PR Downton (ENG),16.22295149,PR Downton
S Matsikenyeri (ZIM),16.22045149,S Matsikenyeri
IT Botham (ENG),16.2166,IT Botham
NV Knight (ENG),16.1991,NV Knight
R Mutumbami (ZIM),16.17595149,R Mutumbami
GJ Bailey (AUS),16.1411,GJ Bailey
RS Bopara (ENG),16.1215,RS Bopara
HH Dippenaar (Afr/SA),16.08805149,HH Dippenaar
GP Wickramasinghe (SL),15.97155149,GP Wickramasinghe
BA Stokes (ENG),15.9011,BA Stokes
M Prabhakar (INDIA),15.84175149,M Prabhakar
AJ Lamb (ENG),15.7918,AJ Lamb
RW Chakabva (ZIM),15.78495149,RW Chakabva
GJ Hopkins (NZ),15.70195149,GJ Hopkins
AM Rahane (INDIA),15.6801,AM Rahane
Sikandar Raza (ZIM),15.6202,Sikandar Raza
Mohammad Rafique (Asia/BDESH),15.59645149,Mohammad Rafique
CR Ervine (ZIM),15.5851,CR Ervine
M Morkel (Afr/SA),15.511,M Morkel
DW Steyn (Afr/SA),15.5068,DW Steyn
GR Marsh (AUS),15.48655149,GR Marsh
DM Bravo (WI),15.4806,DM Bravo
N Boje (Afr/SA),15.46755149,N Boje
GC Dyer (AUS),15.36365149,GC Dyer
DC Thomas (WI),15.35475149,DC Thomas
WW Hinds (WI),15.29535149,WW Hinds
SCJ Broad (ENG),15.2712,SCJ Broad
NS Sidhu (INDIA),15.2193,NS Sidhu
R Ashwin (INDIA),14.9815,R Ashwin
NW Bracken (AUS),14.7311,NW Bracken
DL Houghton (ZIM),14.72735149,DL Houghton
DS Lehmann (AUS),14.7212,DS Lehmann
MM Ali (ENG),14.7209,MM Ali
AG Cremer (ZIM),14.70615149,AG Cremer
CJ Chibhabha (ZIM),14.70215149,CJ Chibhabha
CH Lloyd (WI),14.6664,CH Lloyd
N Hussain (ENG),14.6445,N Hussain
JV Coney (NZ),14.63305149,JV Coney
NL McCullum (NZ),14.6233,NL McCullum
VVS Laxman (INDIA),14.5959,VVS Laxman
Sir RJ Hadlee (NZ),14.5917,Sir RJ Hadlee
GP Thorpe (ENG),14.56075149,GP Thorpe
CL White (AUS),14.5307,CL White
B Kumar (INDIA),14.4927,B Kumar
AU Rashid (ENG),14.4828,AU Rashid
DR Smith (WI),14.4275,DR Smith
MA Holding (WI),14.4071,MA Holding
GR Larsen (NZ),14.39045149,GR Larsen
AN Cook (ENG),14.3213,AN Cook
MD Marshall (WI),14.2849,MD Marshall
BM McMillan (SA),14.26635149,BM McMillan
Umar Gul (PAK),14.2304,Umar Gul
JEC Franklin (NZ),14.2097,JEC Franklin
J Garner (WI),14.2062,J Garner
Habibul Bashar (BDESH),14.1997,Habibul Bashar
CK Kapugedera (SL),14.1523,CK Kapugedera
RG Twose (NZ),14.11175149,RG Twose
Mudassar Nazar (PAK),14.09575149,Mudassar Nazar
BKG Mendis (SL),14.0879,BKG Mendis
MF Maharoof (SL),14.0242,MF Maharoof
Saeed Ajmal (PAK),13.9536,Saeed Ajmal
IK Pathan (INDIA),13.8745,IK Pathan
Mohammad Rizwan (PAK),13.869,Mohammad Rizwan
KLT Arthurton (WI),13.86485149,KLT Arthurton
MJ Greatbatch (NZ),13.84115149,MJ Greatbatch
GH Dockrell (IRE),13.79325149,GH Dockrell
A Nehra (Asia/INDIA),13.7893,A Nehra
PJ Moor (ZIM),13.75955149,PJ Moor
JJ Roy (ENG),13.6635,JJ Roy
SS Dighe (INDIA),13.62705149,SS Dighe
PAJ DeFreitas (ENG),13.62485149,PAJ DeFreitas
Asghar Afghan (AFG),13.587,Asghar Afghan
PA Strang (ZIM),13.57275149,PA Strang
RS Kalpage (SL),13.56135149,RS Kalpage
Imran Tahir (SA),13.5307,Imran Tahir
SM Gavaskar (INDIA),13.4914,SM Gavaskar
BA Young (NZ),13.442,BA Young
TA Boult (NZ),13.4121,TA Boult
JM Kemp (Afr/SA),13.40995149,JM Kemp
MA Starc (AUS),13.3973,MA Starc
PL Taylor (AUS),13.3474,PL Taylor
J Botha (Afr/SA),13.33935149,J Botha
TJ Zoehrer (AUS),13.31935149,TJ Zoehrer
S Viswanath (INDIA),13.3099,S Viswanath
KJ Hughes (AUS),13.2569,KJ Hughes
EJ Chatfield (NZ),13.24285149,EJ Chatfield
V Dahiya (INDIA),13.17255149,V Dahiya
M Dillon (WI),13.1114,M Dillon
Babar Azam (PAK),12.8935,Babar Azam
AJ Hall (SA),12.88415149,AJ Hall
Abdul Qadir (PAK),12.78365149,Abdul Qadir
PA Nixon (ENG),12.7384,PA Nixon
NH Fairbrother (ENG),12.73705149,NH Fairbrother
Wahab Riaz (PAK),12.674,Wahab Riaz
Aftab Ahmed (BDESH),12.664,Aftab Ahmed
CB Wishart (ZIM),12.64915149,CB Wishart
Najibullah Zadran (AFG),12.6488,Najibullah Zadran
PR Reiffel (AUS),12.64745149,PR Reiffel
Zulqarnain (PAK),12.52715149,Zulqarnain
SW Poynter (IRE),12.50935149,SW Poynter
Sabbir Rahman (BDESH),12.4938,Sabbir Rahman
LE Plunkett (ENG),12.4934,LE Plunkett
Rubel Hossain (BDESH),12.4738,Rubel Hossain
SL Campbell (WI),12.4126,SL Campbell
GP Swann (ENG),12.3635,GP Swann
KM Jadhav (INDIA),12.3517,KM Jadhav
MP Vaughan (ENG),12.3207,MP Vaughan
Afsar Zazai (AFG),12.29485149,Afsar Zazai
RJ Peterson (SA),12.211,RJ Peterson
MW Gatting (ENG),12.19375149,MW Gatting
Ahmed Shehzad (PAK),12.176,Ahmed Shehzad
RW Price (ZIM),12.17405149,RW Price
DL Bairstow (ENG),12.1276,DL Bairstow
DK Morrison (NZ),12.0831,DK Morrison
DR Tuffey (NZ),12.03365149,DR Tuffey
CJ Nevin (NZ),11.95985149,CJ Nevin
AH Jones (NZ),11.9576,AH Jones
JR Hopes (AUS),11.9326,JR Hopes
Nasir Hossain (BDESH),11.9196,Nasir Hossain
MSK Prasad (INDIA),11.90185149,MSK Prasad
DJ Nash (NZ),11.8884,DJ Nash
Imran Nazir (PAK),11.88405149,Imran Nazir
SP O'Donnell (AUS),11.81525149,SP O'Donnell
LMP Simmons (WI),11.8072,LMP Simmons
KAJ Roach (WI),11.8019,KAJ Roach
M Amarnath (INDIA),11.74965149,M Amarnath
JJ Crowe (NZ),11.74135149,JJ Crowe
Mohammed Shami (INDIA),11.7145,Mohammed Shami
Liton Das (BDESH),11.6955,Liton Das
J Charles (WI),11.6906,J Charles
EC Joyce (ENG/IRE),11.6501,EC Joyce
SAR Silva (SL),11.625,SAR Silva
JE Taylor (WI),11.6107,JE Taylor
DD Ebrahim (ZIM),11.58145149,DD Ebrahim
MC Snedden (NZ),11.56875149,MC Snedden
VG Kambli (INDIA),11.5529,VG Kambli
Alok Kapali (BDESH),11.51035149,Alok Kapali
DJ Hussey (AUS),11.5022,DJ Hussey
PL Symcox (SA),11.43285149,PL Symcox
TM Alderman (AUS),11.405,TM Alderman
MJ Santner (NZ),11.3616,MJ Santner
Samiullah Shinwari (AFG),11.3562,Samiullah Shinwari
Ashraf Ali (PAK),11.3392,Ashraf Ali
Soumya Sarkar (BDESH),11.3136,Soumya Sarkar
TT Bresnan (ENG),11.2797,TT Bresnan
AC Hudson (SA),11.27575149,AC Hudson
AD Hales (ENG),11.2647,AD Hales
RA Smith (ENG),11.2225,RA Smith
Mohammad Sami (PAK),11.21,Mohammad Sami
MR Marsh (AUS),11.0957,MR Marsh
MN Waller (ZIM),11.0585,MN Waller
DNT Zoysa (SL),11.05,DNT Zoysa
A Nel (SA),10.9935,A Nel
TM Moody (AUS),10.9744,TM Moody
RAS Lakmal (SL),10.9473,RAS Lakmal
SV Manjrekar (INDIA),10.9451,SV Manjrekar
BJ Watling (NZ),10.9092,BJ Watling
DN Patel (NZ),10.9047,DN Patel
V Yadav (INDIA),10.8989,V Yadav
Imrul Kayes (BDESH),10.8793,Imrul Kayes
UT Yadav (INDIA),10.8624,UT Yadav
GS Chappell (AUS),10.8476,GS Chappell
K Rabada (SA),10.8296,K Rabada
A Balbirnie (IRE),10.82785149,A Balbirnie
GD Elliott (NZ),10.7984,GD Elliott
SE Marsh (AUS),10.7927,SE Marsh
R Rampaul (WI),10.7452,R Rampaul
JS Foster (ENG),10.7374,JS Foster
IJ Gould (ENG),10.70965149,IJ Gould
CJ Richards (ENG),10.7045,CJ Richards
JN Gillespie (AUS),10.7027,JN Gillespie
BAW Mendis (SL),10.6917,BAW Mendis
Salman Butt (PAK),10.6589,Salman Butt
I Sharma (INDIA),10.6141,I Sharma
DT Johnston (IRE),10.60075149,DT Johnston
BL Cairns (NZ),10.58775149,BL Cairns
GF Lawson (AUS),10.58605149,GF Lawson
WKM Benjamin (WI),10.57955149,WKM Benjamin
GM Wood (AUS),10.5147,GM Wood
DW Fleming (AUS),10.50605149,DW Fleming
OA Shah (ENG),10.4713,OA Shah
LJ Tucker (IRE),10.45725149,LJ Tucker
Rashid Khan (AFG),10.4129,Rashid Khan
LPC Silva (SL),10.406,LPC Silva
PS de Villiers (SA),10.4053,PS de Villiers
F Behardien (SA),10.37425149,F Behardien
Dawlat Zadran (AFG),10.3248,Dawlat Zadran
GB Brent (ZIM),10.2453,GB Brent
SE Bond (NZ),10.2452,SE Bond
MW Goodwin (ZIM),10.2446,MW Goodwin
RGD Willis (ENG),10.205,RGD Willis
JDS Neesham (NZ),10.1974,JDS Neesham
JP Faulkner (AUS),10.1851,JP Faulkner
WP Saha (INDIA),10.181,WP Saha
WB Rankin (ENG/IRE),10.1662,WB Rankin
AF Giles (ENG),10.1572,AF Giles
APE Knott (ENG),10.151,APE Knott
HA Gomes (WI),10.13035149,HA Gomes
Khaled Mahmud (BDESH),10.1261,Khaled Mahmud
Rahmat Shah (AFG),10.06905149,Rahmat Shah
EB McSweeney (NZ),10.06395149,EB McSweeney
ND McKenzie (SA),10.05875149,ND McKenzie
GRJ Matthews (AUS),9.997651485,GRJ Matthews
AG Prince (Afr/SA),9.997451485,AG Prince
AR Whittall (ZIM),9.983051485,AR Whittall
H Klaasen (SA),9.982,H Klaasen
CD Collymore (WI),9.973051485,CD Collymore
IR Bishop (WI),9.9436,IR Bishop
RV Uthappa (INDIA),9.9146,RV Uthappa
SB Joshi (INDIA),9.906451485,SB Joshi
Junaid Siddique (BDESH),9.905,Junaid Siddique
JR Ratnayeke (SL),9.895151485,JR Ratnayeke
LRD Mendis (SL),9.8721,LRD Mendis
NM Hauritz (AUS),9.834,NM Hauritz
IJ Harvey (AUS),9.8298,IJ Harvey
Naved-ul-Hasan (PAK),9.8296,Naved-ul-Hasan
AJ Bichel (AUS),9.7611,AJ Bichel
Asif Mujtaba (PAK),9.759251485,Asif Mujtaba
AC Cummins (CAN/WI),9.7563,AC Cummins
AR White (IRE),9.6917,AR White
HJH Marshall (NZ),9.683551485,HJH Marshall
CB Mpofu (ZIM),9.668251485,CB Mpofu
GP Howarth (NZ),9.522851485,GP Howarth
BN French (ENG),9.5227,BN French
C Munro (NZ),9.4995,C Munro
Shahriar Nafees (BDESH),9.4783,Shahriar Nafees
Wasim Raja (PAK),9.466351485,Wasim Raja
PJ Cummins (AUS),9.4625,PJ Cummins
DA Murray (WI),9.453451485,DA Murray
JF Mooney (IRE),9.452251485,JF Mooney
S Madan Lal (INDIA),9.4445,S Madan Lal
D Mongia (INDIA),9.428,D Mongia
JE Emburey (ENG),9.428,JE Emburey
DW Randall (ENG),9.383951485,DW Randall
Aamer Malik (PAK),9.381251485,Aamer Malik
RS Madugalle (SL),9.374851485,RS Madugalle
ST Finn (ENG),9.3604,ST Finn
Mohsin Khan (PAK),9.3383,Mohsin Khan
XJ Doherty (AUS),9.2701,XJ Doherty
A Ratra (INDIA),9.251351485,A Ratra
HH Pandya (INDIA),9.2476,HH Pandya
JJ Bumrah (INDIA),9.2468,JJ Bumrah
RS Morton (WI),9.229951485,RS Morton
Naeem Islam (BDESH),9.225151485,Naeem Islam
Anil Dalpat (PAK),9.213251485,Anil Dalpat
Manzoor Elahi (PAK),9.155651485,Manzoor Elahi
KJ Wadsworth (NZ),9.143151485,KJ Wadsworth
HMRKB Herath (SL),9.0981,HMRKB Herath
SC Williams (WI),9.091951485,SC Williams
IJL Trott (ENG),9.0069,IJL Trott
RMH Binny (INDIA),8.9979,RMH Binny
Maninder Singh (INDIA),8.9883,Maninder Singh
CC Lewis (ENG),8.9755,CC Lewis
SA Thomson (NZ),8.9417,SA Thomson
SP Narine (WI),8.9141,SP Narine
YK Pathan (INDIA),8.9006,YK Pathan
MS Sinclair (NZ),8.8905,MS Sinclair
DJ Willey (ENG),8.8777,DJ Willey
Zaheer Abbas (PAK),8.861151485,Zaheer Abbas
JG Bracewell (NZ),8.844151485,JG Bracewell
JP Maher (AUS),8.8387,JP Maher
RJ Ratnayake (SL),8.835851485,RJ Ratnayake
Sohail Tanvir (PAK),8.8163,Sohail Tanvir
SO Hetmyer (WI),8.7867,SO Hetmyer
AR Cusack (IRE),8.766451485,AR Cusack
MM Patel (INDIA),8.7642,MM Patel
S Lee (AUS),8.745,S Lee
CK Langeveldt (SA),8.7319,CK Langeveldt
Raqibul Hasan (BDESH),8.713,Raqibul Hasan
DP Viljoen (ZIM),8.7118,DP Viljoen
Junaid Khan (PAK),8.705,Junaid Khan
RL Dias (SL),8.687351485,RL Dias
SKL de Silva (SL),8.6641,SKL de Silva
P Kumar (INDIA),8.595,P Kumar
SMSM Senanayake (SL),8.5559,SMSM Senanayake
Shoaib Mohammad (PAK),8.551,Shoaib Mohammad
Shafiqullah (AFG),8.519,Shafiqullah
TJ Murtagh (IRE),8.517,TJ Murtagh
JA Morkel (Afr/SA),8.5119,JA Morkel
Nawroz Mangal (AFG),8.470951485,Nawroz Mangal
Akram Raza (PAK),8.468151485,Akram Raza
AR McBrine (IRE),8.465651485,AR McBrine
Fakhar Zaman (PAK),8.4634,Fakhar Zaman
NC Johnson (ZIM),8.4607,NC Johnson
DA Gunawardene (SL),8.455151485,DA Gunawardene
BA Edgar (NZ),8.453451485,BA Edgar
WD Parnell (SA),8.4432,WD Parnell
KL Rahul (INDIA),8.404,KL Rahul
Dhiman Ghosh (BDESH),8.403351485,Dhiman Ghosh
NO Miller (WI),8.4,NO Miller
LJ Wright (ENG),8.3997,LJ Wright
AT Rayudu (INDIA),8.3971,AT Rayudu
PG Fulton (NZ),8.3758,PG Fulton
Tauseef Ahmed (PAK),8.374051485,Tauseef Ahmed
Mohammad Irfan (PAK),8.3683,Mohammad Irfan
TJ Friend (ZIM),8.3591,TJ Friend
Asad Shafiq (PAK),8.3411,Asad Shafiq
Gulbadin Naib (AFG),8.3389,Gulbadin Naib
MJ Henry (NZ),8.3031,MJ Henry
JM How (NZ),8.2692,JM How
MA Atherton (ENG),8.2628,MA Atherton
TT Samaraweera (SL),8.2627,TT Samaraweera
PB Dassanayake (SL),8.251351485,PB Dassanayake
DM de Silva (SL),8.2452,DM de Silva
Yasir Hameed (PAK),8.243751485,Yasir Hameed
Imran Farhat (PAK),8.237851485,Imran Farhat
HM Nicholls (NZ),8.236551485,HM Nicholls
AR Nurse (WI),8.234551485,AR Nurse
CPH Ramanayake (SL),8.224651485,CPH Ramanayake
E Lewis (WI),8.219,E Lewis
DT Hondo (ZIM),8.1975,DT Hondo
RR Rossouw (SA),8.171051485,RR Rossouw
AF Milne (NZ),8.166251485,AF Milne
DK Lillee (AUS),8.1561,DK Lillee
ALF de Mel (SL),8.152351485,ALF de Mel
Iftikhar Anjum (PAK),8.147551485,Iftikhar Anjum
T Panyangara (ZIM),8.145551485,T Panyangara
RM Hogg (AUS),8.143551485,RM Hogg
JR Hazlewood (AUS),8.1294,JR Hazlewood
MA Vermeulen (ZIM),8.1093,MA Vermeulen
VS Solanki (ENG),8.0991,VS Solanki
Javed Omar (BDESH),8.0972,Javed Omar
DBL Powell (WI),8.0807,DBL Powell
RP Singh (INDIA),8.0682,RP Singh
BMAJ Mendis (SL),8.0317,BMAJ Mendis
AL Phehlukwayo (SA),8.0232,AL Phehlukwayo
Mustafizur Rahman (BDESH),7.9967,Mustafizur Rahman
YS Chahal (INDIA),7.9727,YS Chahal
Anamul Haque (BDESH),7.9488,Anamul Haque
TL Chatara (ZIM),7.918651485,TL Chatara
CK Coventry (ZIM),7.915851485,CK Coventry
CM Spearman (NZ),7.8672,CM Spearman
Basit Ali (PAK),7.855751485,Basit Ali
Noor Ali Zadran (AFG),7.852951485,Noor Ali Zadran
EA Brandes (ZIM),7.845851485,EA Brandes
MA Ealham (ENG),7.8201,MA Ealham
JD Ryder (NZ),7.7974,JD Ryder
LL Tsotsobe (SA),7.7872,LL Tsotsobe
SG Law (AUS),7.7867,SG Law
BC Strang (ZIM),7.785651485,BC Strang
R McLaren (SA),7.7189,R McLaren
SJ Harmison (ENG),7.7166,SJ Harmison
MN van Wyk (SA),7.714351485,MN van Wyk
A Zampa (AUS),7.7139,A Zampa
W Watson (NZ),7.691051485,W Watson
Mohammad Amir (PAK),7.671,Mohammad Amir
AD Russell (WI),7.6615,AD Russell
CR Matthews (SA),7.6468,CR Matthews
Arshad Khan (PAK),7.6368,Arshad Khan
CJ McKay (AUS),7.6335,CJ McKay
MA Wood (ENG),7.6325,MA Wood
HK Olonga (ZIM),7.630851485,HK Olonga
AM Blignaut (ZIM),7.624651485,AM Blignaut
CN Evans (ZIM),7.620751485,CN Evans
C Pringle (NZ),7.611951485,C Pringle
BA Reid (AUS),7.5652,BA Reid
Hasan Ali (PAK),7.5616,Hasan Ali
Shafiul Islam (BDESH),7.5435,Shafiul Islam
Imad Wasim (PAK),7.5176,Imad Wasim
C Sharma (INDIA),7.5132,C Sharma
F Mutizwa (ZIM),7.503251485,F Mutizwa
SS Cottrell (WI),7.4856,SS Cottrell
KOA Powell (WI),7.4768,KOA Powell
Haris Sohail (PAK),7.4697,Haris Sohail
BP Patterson (WI),7.466751485,BP Patterson
Nasir Jamshed (PAK),7.4487,Nasir Jamshed
DS Smith (WI),7.4406,DS Smith
NA Foster (ENG),7.4175,NA Foster
MJ Horne (NZ),7.393651485,MJ Horne
AR Caddick (ENG),7.3622,AR Caddick
C White (ENG),7.3492,C White
DN Crookes (SA),7.331551485,DN Crookes
GJ Rennie (ZIM),7.324751485,GJ Rennie
KM Jarvis (ZIM),7.3231,KM Jarvis
DA Marillier (ZIM),7.317951485,DA Marillier
CJ Jordan (ENG),7.316,CJ Jordan
JC Tredwell (ENG),7.316,JC Tredwell
IDR Bradshaw (WI),7.313051485,IDR Bradshaw
SJ Rhodes (ENG),7.2841,SJ Rhodes
EAE Baptiste (WI),7.245651485,EAE Baptiste
C de Grandhomme (NZ),7.1845,C de Grandhomme
CJ Anderson (NZ),7.164851485,CJ Anderson
PSP Handscomb (AUS),7.1469,PSP Handscomb
N Chopra (INDIA),7.1426,N Chopra
MS Kasprowicz (AUS),7.1277,MS Kasprowicz
Kuldeep Yadav (INDIA),7.1233,Kuldeep Yadav
Syed Rasel (BDESH),7.1079,Syed Rasel
Tapash Baisya (BDESH),7.1032,Tapash Baisya
SM Katich (AUS),7.0955,SM Katich
SF Mire (ZIM),7.093351485,SF Mire
P Mustard (ENG),7.0706,P Mustard
RDB Croft (ENG),7.0666,RDB Croft
Mansoor Akhtar (PAK),7.018551485,Mansoor Akhtar
JA Rennie (ZIM),7.015151485,JA Rennie
JR Thomson (AUS),7.010051485,JR Thomson
SJ Rixon (AUS),6.999951485,SJ Rixon
DR Pringle (ENG),6.9843,DR Pringle
GM Turner (NZ),6.960751485,GM Turner
Saleem Elahi (PAK),6.944451485,Saleem Elahi
JA Rudolph (Afr/SA),6.924,JA Rudolph
Mehidy Hasan Miraz (BDESH),6.9212,Mehidy Hasan Miraz
SW Billings (ENG),6.9177,SW Billings
GC Small (ENG),6.9172,GC Small
AME Roberts (WI),6.9131,AME Roberts
AD Mullally (ENG),6.9091,AD Mullally
MP Stoinis (AUS),6.895,MP Stoinis
AR Patel (INDIA),6.8806,AR Patel
SM Patil (INDIA),6.8794,SM Patil
HK Badani (INDIA),6.868251485,HK Badani
SLV Raju (INDIA),6.856651485,SLV Raju
TM Head (AUS),6.8415,TM Head
UT Khawaja (AUS),6.8346,UT Khawaja
Azhar Ali (PAK),6.8032,Azhar Ali
Aminul Islam (BDESH),6.789751485,Aminul Islam
SD Anurasiri (SL),6.784651485,SD Anurasiri
CWJ Athey (ENG),6.7814,CWJ Athey
J Mubarak (SL),6.7666,J Mubarak
Mohammad Salman (PAK),6.742051485,Mohammad Salman
JS Patel (NZ),6.7267,JS Patel
SJ Benn (WI),6.7203,SJ Benn
DS Mohanty (INDIA),6.708951485,DS Mohanty
S Sreesanth (INDIA),6.6926,S Sreesanth
CR Brathwaite (WI),6.6557,CR Brathwaite
SB Doull (NZ),6.6543,SB Doull
AJ Hollioake (ENG),6.641451485,AJ Hollioake
CG Rackemann (AUS),6.6217,CG Rackemann
MR Whitney (AUS),6.5883,MR Whitney
DE Bollinger (AUS),6.5816,DE Bollinger
PN Kirsten (SA),6.570451485,PN Kirsten
AC Botha (IRE),6.559251485,AC Botha
GM Ritchie (AUS),6.558651485,GM Ritchie
A Dananjaya (SL),6.5469,A Dananjaya
MD Gunathilaka (SL),6.5196,MD Gunathilaka
RD McCann (IRE),6.5111,RD McCann
Javed Ahmadi (AFG),6.488851485,Javed Ahmadi
KM Dabengwa (ZIM),6.485251485,KM Dabengwa
NAM McLean (WI),6.481251485,NAM McLean
Mirwais Ashraf (AFG),6.481251485,Mirwais Ashraf
Rajin Saleh (BDESH),6.480151485,Rajin Saleh
Sarfraz Nawaz (PAK),6.4688,Sarfraz Nawaz
R Powell (WI),6.4522,R Powell
SR Clark (AUS),6.4442,SR Clark
SB O'Connor (NZ),6.413451485,SB O'Connor
XM Marshall (USA/WI),6.412351485,XM Marshall
PK Amre (INDIA),6.412351485,PK Amre
Tahir Naqqash (PAK),6.407851485,Tahir Naqqash
Akram Khan (BDESH),6.406,Akram Khan
MJ Slater (AUS),6.404451485,MJ Slater
ML Nkala (ZIM),6.399051485,ML Nkala
KSC de Silva (SL),6.3695,KSC de Silva
Shahadat Hossain (BDESH),6.3504,Shahadat Hossain
Mosaddek Hossain (BDESH),6.3493,Mosaddek Hossain
HH Kanitkar (INDIA),6.3409,HH Kanitkar
Farhad Reza (BDESH),6.3408,Farhad Reza
DW Hookes (AUS),6.337751485,DW Hookes
SJ Palframan (SA),6.296151485,SJ Palframan
ADS Fletcher (WI),6.2688,ADS Fletcher
AC Waller (ZIM),6.2665,AC Waller
S Elworthy (SA),6.256151485,S Elworthy
GF Labrooy (SL),6.251051485,GF Labrooy
Yashpal Sharma (INDIA),6.2476,Yashpal Sharma
CH Morris (SA),6.2264,CH Morris
RIC Holder (WI),6.2005,RIC Holder
Fawad Alam (PAK),6.19,Fawad Alam
JL Ontong (Afr/SA),6.187551485,JL Ontong
D Ganga (WI),6.180751485,D Ganga
NT Broom (NZ),6.180151485,NT Broom
AR Adams (NZ),6.1703,AR Adams
BJ Hodge (AUS),6.1613,BJ Hodge
CAK Walton (WI),6.159151485,CAK Walton
Shadab Khan (PAK),6.1474,Shadab Khan
N Pradeep (SL),6.1309,N Pradeep
T Mupariwa (ZIM),6.101351485,T Mupariwa
RD King (WI),6.095651485,RD King
LH Ferguson (NZ),6.0589,LH Ferguson
M Kartik (INDIA),6.0419,M Kartik
J Dyson (AUS),6.031351485,J Dyson
EC Rainsford (ZIM),6.024251485,EC Rainsford
CA Ingram (SA),5.9832,CA Ingram
RT Latham (NZ),5.9757,RT Latham
Hashmatullah Shahidi (AFG),5.9617,Hashmatullah Shahidi
DA Reeve (ENG),5.9581,DA Reeve
PA Wallace (WI),5.953651485,PA Wallace
BC Broad (ENG),5.9535,BC Broad
RP Snell (SA),5.949351485,RP Snell
Shabbir Ahmed (PAK),5.9228,Shabbir Ahmed
FH Edwards (WI),5.8815,FH Edwards
VB John (SL),5.8792,VB John
BA Murphy (ZIM),5.877951485,BA Murphy
TBA May (AUS),5.864351485,TBA May
JM Parker (NZ),5.856151485,JM Parker
MJ McClenaghan (NZ),5.8443,MJ McClenaghan
SW Tait (AUS),5.8238,SW Tait
Shapoor Zadran (AFG),5.8035,Shapoor Zadran
RK Chauhan (INDIA),5.800251485,RK Chauhan
L Balaji (INDIA),5.797,L Balaji
SHT Kandamby (SL),5.795451485,SHT Kandamby
SM Davies (ENG),5.7878,SM Davies
ARC Fraser (ENG),5.7796,ARC Fraser
D Bishoo (WI),5.7721,D Bishoo
RL Chase (WI),5.7674,RL Chase
AK Markram (SA),5.7601,AK Markram
CE Cuffy (WI),5.752,CE Cuffy
G Fowler (ENG),5.741051485,G Fowler
S Prasanna (SL),5.7389,S Prasanna
JWM Dalrymple (ENG),5.728251485,JWM Dalrymple
Amir Hamza (AFG),5.727651485,Amir Hamza
BJ McCarthy (IRE),5.724851485,BJ McCarthy
Tushar Imran (BDESH),5.717751485,Tushar Imran
ID Blackwell (ENG),5.7,ID Blackwell
SC Khanna (INDIA),5.695151485,SC Khanna
DAS Gunaratne (SL),5.6779,DAS Gunaratne
KJ Wright (AUS),5.6712,KJ Wright
SM Ervine (ZIM),5.6691,SM Ervine
TL Seifert (NZ),5.664251485,TL Seifert
R Lamba (INDIA),5.651651485,R Lamba
KD Walters (AUS),5.649451485,KD Walters
HMCM Bandara (SL),5.647751485,HMCM Bandara
MAR Samarasekera (SL),5.6447,MAR Samarasekera
RR Pant (INDIA),5.6028,RR Pant
AC Dale (AUS),5.5943,AC Dale
FDM Karunaratne (SL),5.5849,FDM Karunaratne
SFAF Bacchus (WI),5.579051485,SFAF Bacchus
Imam-ul-Haq (PAK),5.5777,Imam-ul-Haq
Sanwar Hossain (BDESH),5.575151485,Sanwar Hossain
N Deonarine (WI),5.574551485,N Deonarine
CM Old (ENG),5.5741,CM Old
SR Patel (ENG),5.5736,SR Patel
KR Pushpakumara (SL),5.570351485,KR Pushpakumara
JM Brearley (ENG),5.5631,JM Brearley
Mujeeb Ur Rahman (AFG),5.561,Mujeeb Ur Rahman
MH Yardy (ENG),5.5095,MH Yardy
IS Sodhi (NZ),5.5089,IS Sodhi
DS de Silva (SL),5.4942,DS de Silva
Manjural Islam (BDESH),5.494051485,Manjural Islam
Nazmul Hossain (BDESH),5.4797,Nazmul Hossain
RR Hendricks (SA),5.4525,RR Hendricks
Mohammad Asif (Asia/PAK),5.443,Mohammad Asif
VJ Marks (ENG),5.4378,VJ Marks
T Maruma (ZIM),5.425751485,T Maruma
SP Davis (AUS),5.413251485,SP Davis
N Pooran (WI),5.3977,N Pooran
G Boycott (ENG),5.3943,G Boycott
Hamid Hassan (AFG),5.3841,Hamid Hassan
AS Joseph (WI),5.3713,AS Joseph
GS Blewett (AUS),5.353,GS Blewett
PT Collins (WI),5.342951485,PT Collins
JL Carter (WI),5.341251485,JL Carter
AC Voges (AUS),5.3169,AC Voges
BW Hilfenhaus (AUS),5.3107,BW Hilfenhaus
R Clarke (ENG),5.2937,R Clarke
GR Dilley (ENG),5.2871,GR Dilley
NM Coulter-Nile (AUS),5.2749,NM Coulter-Nile
AI Kallicharran (WI),5.2689,AI Kallicharran
UC Hathurusingha (SL),5.266351485,UC Hathurusingha
Abdur Rehman (PAK),5.265551485,Abdur Rehman
Sohaib Maqsood (PAK),5.2503,Sohaib Maqsood
DG Cork (ENG),5.2424,DG Cork
PD McGlashan (NZ),5.231851485,PD McGlashan
RJ Nicol (NZ),5.2168,RJ Nicol
MG Hughes (AUS),5.2117,MG Hughes
Jahurul Islam (BDESH),5.2041,Jahurul Islam
LM Jongwe (ZIM),5.195251485,LM Jongwe
T Thushara (SL),5.184451485,T Thushara
PP Chawla (INDIA),5.1705,PP Chawla
Taskin Ahmed (BDESH),5.1681,Taskin Ahmed
MR Gillespie (NZ),5.1667,MR Gillespie
CJ Tavare (ENG),5.1429,CJ Tavare
L Ngidi (SA),5.1425,L Ngidi
Enamul Haque (BDESH),5.1415,Enamul Haque
Hasibul Hossain (BDESH),5.1319,Hasibul Hossain
MRJ Veletta (AUS),5.1282,MRJ Veletta
Mohammad Wasim (PAK),5.123151485,Mohammad Wasim
Humayun Farhat (PAK),5.120951485,Humayun Farhat
Hannan Sarkar (BDESH),5.116951485,Hannan Sarkar
R Telemachus (SA),5.114351485,R Telemachus
Al Sahariar (BDESH),5.114151485,Al Sahariar
Naimur Rahman (BDESH),5.114151485,Naimur Rahman
NM Lyon (AUS),5.1117,NM Lyon
Saleem Jaffar (PAK),5.109851485,Saleem Jaffar
WK McCallan (IRE),5.108751485,WK McCallan
BP Julian (AUS),5.1037,BP Julian
CJ Ferguson (AUS),5.1032,CJ Ferguson
S Randiv (SL),5.0924,S Randiv
A Mishra (INDIA),5.0626,A Mishra
RC Irani (ENG),5.0575,RC Irani
MG Burgess (NZ),5.042951485,MG Burgess
VC Drakes (WI),5.040351485,VC Drakes
AK Sharma (INDIA),5.0193,AK Sharma
IG Butler (NZ),5.0187,IG Butler
PH Edmonds (ENG),5.0153,PH Edmonds
R Vinay Kumar (INDIA),5.0137,R Vinay Kumar
JWA Taylor (ENG),5.0071,JWA Taylor
KJ Abbott (SA),4.965551485,KJ Abbott
RK Illingworth (ENG),4.964451485,RK Illingworth
Ikram Alikhil (AFG),4.962351485,Ikram Alikhil
JW Hastings (AUS),4.95,JW Hastings
PJ Hughes (AUS),4.943,PJ Hughes
Mohammad Mithun (BDESH),4.932,Mohammad Mithun
EE Hemmings (ENG),4.9283,EE Hemmings
SB Smith (AUS),4.922,SB Smith
DJ Callaghan (SA),4.890951485,DJ Callaghan
RN Lewis (WI),4.886751485,RN Lewis
Arshad Ayub (INDIA),4.886151485,Arshad Ayub
KW Richardson (AUS),4.8854,KW Richardson
AH Omarshah (ZIM),4.885351485,AH Omarshah
LS Pascoe (AUS),4.8636,LS Pascoe
Simi Singh (IRE),4.8359,Simi Singh
VD Philander (SA),4.8347,VD Philander
DT Christian (AUS),4.8282,DT Christian
DT Tiripano (ZIM),4.8205,DT Tiripano
KMA Paul (WI),4.816451485,KMA Paul
GI Allott (NZ),4.807651485,GI Allott
S Wettimuny (SL),4.804251485,S Wettimuny
AW Greig (ENG),4.7995,AW Greig
W Larkins (ENG),4.799,W Larkins
AIC Dodemaide (AUS),4.7899,AIC Dodemaide
Aftab Alam (AFG),4.7874,Aftab Alam
FA Rose (WI),4.7802,FA Rose
PADLR Sandakan (SL),4.7758,PADLR Sandakan
EAR de Silva (SL),4.7441,EAR de Silva
Ihsanullah (AFG),4.741051485,Ihsanullah
MJR Rindel (SA),4.737351485,MJR Rindel
DL Underwood (ENG),4.733951485,DL Underwood
RT Robinson (ENG),4.733951485,RT Robinson
KBJ Azad (INDIA),4.7219,KBJ Azad
TAM Siriwardana (SL),4.7202,TAM Siriwardana
HE van der Dussen (SA),4.7176,HE van der Dussen
Taufeeq Umar (PAK),4.6853,Taufeeq Umar
TK Musakanda (ZIM),4.666751485,TK Musakanda
Mohammad Akram (PAK),4.6649,Mohammad Akram
MK Pandey (INDIA),4.6649,MK Pandey
SK Sharma (INDIA),4.659951485,SK Sharma
GN Yallop (AUS),4.6598,GN Yallop
TG Hogan (AUS),4.6274,TG Hogan
PR Adams (SA),4.6199,PR Adams
RJ Sidebottom (ENG),4.6033,RJ Sidebottom
AD Poynter (IRE),4.590451485,AD Poynter
AM de Silva (SL),4.5891,AM de Silva
TM Chappell (AUS),4.588751485,TM Chappell
RS Sodhi (INDIA),4.587651485,RS Sodhi
Karim Sadiq (AFG),4.585351485,Karim Sadiq
Qasim Umar (PAK),4.578851485,Qasim Umar
WW Davis (WI),4.5523,WW Davis
Mushfiqur Rahman (BDESH),4.5499,Mushfiqur Rahman
Yasir Shah (PAK),4.5453,Yasir Shah
M Vijay (INDIA),4.5435,M Vijay
DJ Capel (ENG),4.5186,DJ Capel
NC McGarrell (WI),4.514751485,NC McGarrell
Sohrawordi Shuvo (BDESH),4.514751485,Sohrawordi Shuvo
Manjural Islam Rana (BDESH),4.512151485,Manjural Islam Rana
NB Mahwire (ZIM),4.506851485,NB Mahwire
Sharjeel Khan (PAK),4.4928,Sharjeel Khan
MJ Hoggard (ENG),4.4862,MJ Hoggard
AGD Wickremasinghe (SL),4.479451485,AGD Wickremasinghe
JW Dernbach (ENG),4.4752,JW Dernbach
MM Sharma (INDIA),4.4531,MM Sharma
PP Ojha (INDIA),4.4449,PP Ojha
JK Lever (ENG),4.4429,JK Lever
MV Nagamootoo (WI),4.430851485,MV Nagamootoo
PKD Chase (IRE),4.429451485,PKD Chase
KCG Benjamin (WI),4.427751485,KCG Benjamin
D Pretorius (SA),4.4258,D Pretorius
Sohag Gazi (BDESH),4.4247,Sohag Gazi
RP Burl (ZIM),4.4208,RP Burl
SR Gillespie (NZ),4.4114,SR Gillespie
G Miller (ENG),4.4063,G Miller
SS Iyer (INDIA),4.4038,SS Iyer
MR Ramprakash (ENG),4.4038,MR Ramprakash
WR James (ZIM),4.394951485,WR James
ELR Stewart (SA),4.394351485,ELR Stewart
SMA Priyanjan (SL),4.3925,SMA Priyanjan
GA Manou (AUS),4.3894,GA Manou
CM Kuggeleijn (NZ),4.3885,CM Kuggeleijn
JF Reid (NZ),4.3838,JF Reid
DH Brain (ZIM),4.3825,DH Brain
SW Masakadza (ZIM),4.3615,SW Masakadza
SI de Saram (SL),4.360551485,SI de Saram
DM Wellham (AUS),4.358851485,DM Wellham
SR Thompson (IRE),4.358551485,SR Thompson
EO Simons (SA),4.357951485,EO Simons
AG Huckle (ZIM),4.357151485,AG Huckle
J Nyumbu (ZIM),4.357151485,J Nyumbu
CA Best (WI),4.353751485,CA Best
Sikander Bakht (PAK),4.351751485,Sikander Bakht
M Mbangwa (ZIM),4.350051485,M Mbangwa
HAPW Jayawardene (SL),4.332151485,HAPW Jayawardene
A Kuruvilla (INDIA),4.3254,A Kuruvilla
P Willey (ENG),4.3048,P Willey
TK Curran (ENG),4.2923,TK Curran
BA Williams (AUS),4.2881,BA Williams
NG Cowans (ENG),4.2818,NG Cowans
L Sivaramakrishnan (INDIA),4.281751485,L Sivaramakrishnan
B Muzarabani (ZIM),4.281451485,B Muzarabani
AJ Pycroft (ZIM),4.279751485,AJ Pycroft
RR Powar (INDIA),4.2675,RR Powar
JT Ball (ENG),4.2633,JT Ball
DR Brown (ENG/SCOT),4.2546,DR Brown
Mominul Haque (BDESH),4.2522,Mominul Haque
N Pothas (SA),4.243,N Pothas
M Hendrick (ENG),4.2145,M Hendrick
LR Williams (WI),4.207451485,LR Williams
RJ Harris (AUS),4.2069,RJ Harris
CS Martin (NZ),4.205451485,CS Martin
DE Bernard (WI),4.205451485,DE Bernard
WM Darling (AUS),4.204351485,WM Darling
TL Best (WI),4.2028,TL Best
D Langford-Smith (IRE),4.202351485,D Langford-Smith
BM Laird (AUS),4.202051485,BM Laird
MH Dekker (ZIM),4.202051485,MH Dekker
JN Mohammed (WI),4.201451485,JN Mohammed
NO Perry (WI),4.200951485,NO Perry
MJ Mason (NZ),4.200351485,MJ Mason
AJ Traicos (ZIM),4.198651485,AJ Traicos
T Duffin (ZIM),4.1884,T Duffin
AH Gray (WI),4.1865,AH Gray
GS Ballance (ENG),4.1844,GS Ballance
JFM Morrison (NZ),4.1826,JFM Morrison
BC Hollioake (ENG),4.1823,BC Hollioake
Rashid Khan (PAK),4.1726,Rashid Khan
JP Bray (IRE),4.166751485,JP Bray
MS Panesar (ENG),4.1517,MS Panesar
JL Denly (ENG),4.1418,JL Denly
CT Mutombodzi (ZIM),4.130351485,CT Mutombodzi
BV Vitori (ZIM),4.130251485,BV Vitori
Mehrab Hossain jnr (BDESH),4.129751485,Mehrab Hossain jnr
Mehrab Hossain (BDESH),4.128351485,Mehrab Hossain
KIW Wijegunawardene (SL),4.122951485,KIW Wijegunawardene
RJ Campbell (AUS),4.1163,RJ Campbell
T Shamsi (SA),4.1064,T Shamsi
WIA Fernando (SL),4.106,WIA Fernando
Anwar Ali (PAK),4.0942,Anwar Ali
Faheem Ashraf (PAK),4.0729,Faheem Ashraf
PVD Chameera (SL),4.0607,PVD Chameera
Sadiq Mohammad (PAK),4.056551485,Sadiq Mohammad
Sharafuddin Ashraf (AFG),4.054051485,Sharafuddin Ashraf
TS Chisoro (ZIM),4.052651485,TS Chisoro
S Chattergoon (WI),4.052651485,S Chattergoon
BS Sandhu (INDIA),4.050651485,BS Sandhu
KS Lokuarachchi (SL),4.050651485,KS Lokuarachchi
AN Petersen (SA),4.050651485,AN Petersen
KWR Fletcher (ENG),4.048951485,KWR Fletcher
WV Raman (INDIA),4.048351485,WV Raman
AP Kuiper (SA),4.047251485,AP Kuiper
Minhajul Abedin (BDESH),4.045551485,Minhajul Abedin
Ijaz Faqih (PAK),4.045551485,Ijaz Faqih
AD Mascarenhas (ENG),4.0023,AD Mascarenhas
Umar Amin (PAK),3.9887,Umar Amin
PCR Tufnell (ENG),3.9853,PCR Tufnell
I Udana (SL),3.9813,I Udana
NG Jones (IRE),3.978651485,NG Jones
DK Liyanage (SL),3.976951485,DK Liyanage
CL King (WI),3.976651485,CL King
ASA Perera (SL),3.973551485,ASA Perera
AJ Ireland (ZIM),3.969851485,AJ Ireland
MHN Walker (AUS),3.9637,MHN Walker
AD Brown (ENG),3.9518,AD Brown
RMS Eranga (SL),3.9445,RMS Eranga
SI Mahmood (ENG),3.9135,SI Mahmood
MN Hart (NZ),3.902951485,MN Hart
Shahriar Hossain (BDESH),3.9017,Shahriar Hossain
Majid Khan (PAK),3.898651485,Majid Khan
S Ramesh (INDIA),3.898651485,S Ramesh
AM Phangiso (SA),3.897551485,AM Phangiso
M Hayward (SA),3.897551485,M Hayward
PW Gunaratne (SL),3.895851485,PW Gunaratne
DM Benkenstein (SA),3.895851485,DM Benkenstein
RAP Nissanka (SL),3.895851485,RAP Nissanka
RD Robinson (AUS),3.871651485,RD Robinson
BG Rogers (ZIM),3.8662,BG Rogers
GR Viswanath (INDIA),3.8635,GR Viswanath
Enamul Haque jnr (BDESH),3.8577,Enamul Haque jnr
Y Venugopal Rao (INDIA),3.8527,Y Venugopal Rao
Atiq-uz-Zaman (PAK),3.838151485,Atiq-uz-Zaman
JM Vince (ENG),3.8356,JM Vince
MD Shanaka (SL),3.8347,MD Shanaka
WP Masakadza (ZIM),3.829,WP Masakadza
TRO Payne (WI),3.826651485,TRO Payne
TP Kamungozi (ZIM),3.825551485,TP Kamungozi
DG Brownlie (NZ),3.825251485,DG Brownlie
WW Daniel (WI),3.823551485,WW Daniel
DR Flynn (NZ),3.821851485,DR Flynn
IP Butchart (ZIM),3.821851485,IP Butchart
IM Chappell (AUS),3.8213,IM Chappell
Ata-ur-Rehman (PAK),3.814751485,Ata-ur-Rehman
Mohammad Saifuddin (BDESH),3.8007,Mohammad Saifuddin
ST Gabriel (WI),3.7953,ST Gabriel
Harvinder Singh (INDIA),3.7775,Harvinder Singh
SS Pathirana (SL),3.7659,SS Pathirana
B Wood (ENG),3.7616,B Wood
VJ Wells (ENG),3.751851485,VJ Wells
JC Archer (ENG),3.7511,JC Archer
FA Allen (WI),3.749851485,FA Allen
CD Cumming (NZ),3.749851485,CD Cumming
Mohammad Nawaz (3) (PAK),3.748151485,Mohammad Nawaz
PWH de Silva (SL),3.748151485,PWH de Silva
WS Jayantha (SL),3.747851485,WS Jayantha
Mohsin Kamal (PAK),3.746151485,Mohsin Kamal
AO Malhotra (INDIA),3.7316,AO Malhotra
FM Engineer (INDIA),3.688951485,FM Engineer
V Shankar (INDIA),3.6873,V Shankar
HK Bennett (NZ),3.6756,HK Bennett
JJ Martin (INDIA),3.674451485,JJ Martin
AD Gaekwad (INDIA),3.673851485,AD Gaekwad
BR Hartland (NZ),3.672151485,BR Hartland
JTC Vaughan (NZ),3.670451485,JTC Vaughan
GB Troup (NZ),3.667051485,GB Troup
AC Agar (AUS),3.6524,AC Agar
Asif Ali (PAK),3.6491,Asif Ali
AJ McKay (NZ),3.6473,AJ McKay
BB Chari (ZIM),3.642851485,BB Chari
HM Goonatilleke (SL),3.641951485,HM Goonatilleke
KTGD Prasad (SL),3.6346,KTGD Prasad
Asif Iqbal (PAK),3.6196,Asif Iqbal
CT Tremlett (ENG),3.6081,CT Tremlett
GN Edwards (NZ),3.597851485,GN Edwards
Mohammad Hussain (PAK),3.596751485,Mohammad Hussain
Wajahatullah Wasti (PAK),3.596451485,Wajahatullah Wasti
DAJ Bracewell (NZ),3.595851485,DAJ Bracewell
Nasir Jamal (AFG),3.595051485,Nasir Jamal
Shahid Nazir (PAK),3.594751485,Shahid Nazir
TCB Fernando (SL),3.593351485,TCB Fernando
JN Maguire (AUS),3.591351485,JN Maguire
SB Bangar (INDIA),3.5813,SB Bangar
A McGrath (ENG),3.5399,A McGrath
Usman Shinwari (PAK),3.5371,Usman Shinwari
DR Parry (WI),3.526151485,DR Parry
Shabir Noori (AFG),3.525551485,Shabir Noori
VA Holder (WI),3.522451485,VA Holder
GH Worker (NZ),3.521351485,GH Worker
B Warnapura (SL),3.521051485,B Warnapura
Faisal Iqbal (PAK),3.517351485,Faisal Iqbal
Shaheen Shah Afridi (PAK),3.5091,Shaheen Shah Afridi
Athar Ali Khan (BDESH),3.497,Athar Ali Khan
Arafat Sunny (BDESH),3.4884,Arafat Sunny
SA Ankola (INDIA),3.4764,SA Ankola
PJ Forrest (AUS),3.4721,PJ Forrest
Ziaur Rahman (BDESH),3.447851485,Ziaur Rahman
BR Blair (NZ),3.443651485,BR Blair
AM Bacher (SA),3.443651485,AM Bacher
RE van der Merwe (NL/SA),3.443351485,RE van der Merwe
HR Bryan (WI),3.443351485,HR Bryan
AM Ellis (NZ),3.441951485,AM Ellis
Azeem Hafeez (PAK),3.441951485,Azeem Hafeez
AC Dawson (SA),3.439951485,AC Dawson
Zahid Fazal (PAK),3.439951485,Zahid Fazal
SL Boock (NZ),3.4313,SL Boock
S Venkataraghavan (INDIA),3.4296,S Venkataraghavan
MK Tiwary (INDIA),3.416,MK Tiwary
PDRL Perera (SL),3.4092,PDRL Perera
CEH Croft (WI),3.4091,CEH Croft
KD Ghavri (INDIA),3.4007,KD Ghavri
Danish Kaneria (PAK),3.393,Danish Kaneria
MR Adair (IRE),3.3887,MR Adair
RD Jackman (ENG),3.3871,RD Jackman
GM Strydom (ZIM),3.367951485,GM Strydom
LE Bosman (Afr/SA),3.366251485,LE Bosman
ND Hirwani (INDIA),3.364251485,ND Hirwani
MW Priest (NZ),3.364251485,MW Priest
SG Peall (ZIM),3.362551485,SG Peall
PJ Martin (ENG),3.362551485,PJ Martin
OD Gibson (WI),3.3473,OD Gibson
Hammad Azam (PAK),3.3465,Hammad Azam
R Murray (ZIM),3.3415,R Murray
MC Henriques (AUS),3.338,MC Henriques
PM Siddle (AUS),3.3326,PM Siddle
PA Emery (AUS),3.330351485,PA Emery
PN Webb (NZ),3.329751485,PN Webb
JL Pattinson (AUS),3.3275,JL Pattinson
TE Jesty (ENG),3.3134,TE Jesty
RJ Kirtley (ENG),3.3054,RJ Kirtley
RS Gavaskar (INDIA),3.3041,RS Gavaskar
A Shahzad (ENG),3.304,A Shahzad
Hazratullah Zazai (AFG),3.302,Hazratullah Zazai
JN Snape (ENG),3.2992,JN Snape
RS Higgins (ZIM),3.296451485,RS Higgins
SE Findlay (WI),3.293951485,SE Findlay
RO Hurley (WI),3.293951485,RO Hurley
AFG Griffith (WI),3.293951485,AFG Griffith
BGK Walker (NZ),3.293651485,BGK Walker
DR Doshi (INDIA),3.293051485,DR Doshi
Usman Ghani (AFG),3.293051485,Usman Ghani
RM Ellison (ENG),3.2929,RM Ellison
BF Hastings (NZ),3.292251485,BF Hastings
PA Hitchcock (NZ),3.291951485,PA Hitchcock
SC Joseph (WI),3.291951485,SC Joseph
K Weeraratne (SL),3.290251485,K Weeraratne
Iqbal Qasim (PAK),3.290251485,Iqbal Qasim
MW Pringle (SA),3.288551485,MW Pringle
SHU Karnain (SL),3.286851485,SHU Karnain
SM Boland (AUS),3.2773,SM Boland
DL Amiss (ENG),3.2748,DL Amiss
MP Maynard (ENG),3.2697,MP Maynard
D Dasgupta (INDIA),3.267551485,D Dasgupta
JA Richardson (AUS),3.264,JA Richardson
DW Headley (ENG),3.2611,DW Headley
BT Foakes (ENG),3.2544,BT Foakes
BS Bedi (INDIA),3.2525,BS Bedi
MD Moxon (ENG),3.247,MD Moxon
JP Crawley (ENG),3.2461,JP Crawley
Nurul Hasan (BDESH),3.2451,Nurul Hasan
Sohail Khan (PAK),3.2356,Sohail Khan
TR Ambrose (ENG),3.231,TR Ambrose
DM Richards (WI),3.23,DM Richards
BD Julien (WI),3.219051485,BD Julien
J Arun Lal (INDIA),3.2187,J Arun Lal
RC Haynes (WI),3.218251485,RC Haynes
PWE Rawson (ZIM),3.216551485,PWE Rawson
RL Sanghvi (INDIA),3.216551485,RL Sanghvi
PWA Mulder (SA),3.216551485,PWA Mulder
RK Kleinveldt (SA),3.216551485,RK Kleinveldt
AC Bedade (INDIA),3.216251485,AC Bedade
RB McCosker (AUS),3.214551485,RB McCosker
DR Gilbert (AUS),3.214551485,DR Gilbert
KA Edwards (WI),3.212851485,KA Edwards
Nafees Iqbal (BDESH),3.212851485,Nafees Iqbal
CA Young (IRE),3.212851485,CA Young
KH MacLeay (AUS),3.212851485,KH MacLeay
GJ Batty (ENG),3.2028,GJ Batty
JL Langer (AUS),3.1984,JL Langer
M van Jaarsveld (SA),3.1948,M van Jaarsveld
RJ Blakey (ENG),3.1946,RJ Blakey
AR Kapoor (INDIA),3.1897,AR Kapoor
Adnan Akmal (PAK),3.1885,Adnan Akmal
Jai P Yadav (INDIA),3.1841,Jai P Yadav
STR Binny (INDIA),3.1614,STR Binny
GD Campbell (AUS),3.16,GD Campbell
RJW Topley (ENG),3.1522,RJW Topley
RD Brown (ZIM),3.142551485,RD Brown
CBRLS Kumara (SL),3.138851485,CBRLS Kumara
M Zondeki (Afr/SA),3.138851485,M Zondeki
KJ Arnott (ZIM),3.138851485,KJ Arnott
GR Robertson (AUS),3.138851485,GR Robertson
PE McEwan (NZ),3.135451485,PE McEwan
O Thomas (WI),3.1269,O Thomas
ST Clarke (WI),3.1191,ST Clarke
MR Pydanna (WI),3.116151485,MR Pydanna
RO Collinge (NZ),3.1091,RO Collinge
RC Fredericks (WI),3.1033,RC Fredericks
JP Behrendorff (AUS),3.0842,JP Behrendorff
PJW Allott (ENG),3.0825,PJW Allott
Aizaz Cheema (PAK),3.0788,Aizaz Cheema
MAWR Madurasinghe (SL),3.0749,MAWR Madurasinghe
R Vijay Bharadwaj (INDIA),3.067651485,R Vijay Bharadwaj
GJ Cosier (AUS),3.065151485,GJ Cosier
RH Vance (NZ),3.065151485,RH Vance
GAHM Parkar (INDIA),3.065151485,GAHM Parkar
TR Gripper (ZIM),3.065151485,TR Gripper
Tareq Aziz (BDESH),3.064851485,Tareq Aziz
PC Strydom (SA),3.063451485,PC Strydom
EJ Gray (NZ),3.063451485,EJ Gray
M Labuschagne (AUS),3.063451485,M Labuschagne
Haroon Rasheed (PAK),3.063151485,Haroon Rasheed
MC Sorensen (IRE),3.063151485,MC Sorensen
N Madziva (ZIM),3.063151485,N Madziva
AR Khurasiya (INDIA),3.063151485,AR Khurasiya
AP Devcich (NZ),3.063151485,AP Devcich
PW Jarvis (ENG),3.062551485,PW Jarvis
RO Hinds (WI),3.061451485,RO Hinds
PJ Wiseman (NZ),3.061451485,PJ Wiseman
V Rathour (INDIA),3.0437,V Rathour
RB Reid (NZ),3.0178,RB Reid
GG Arnold (ENG),3.0145,GG Arnold
KC Brathwaite (WI),3.0085,KC Brathwaite
Nasir Ahmed (BDESH),3.000351485,Nasir Ahmed
AB Barath (WI),2.9976,AB Barath
Shamsur Rahman (BDESH),2.993,Shamsur Rahman
D Elgar (SA),2.9919,D Elgar
RM West (IRE),2.989151485,RM West
AA Mallett (AUS),2.989151485,AA Mallett
SW Ambris (WI),2.988551485,SW Ambris
Rahat Ali (PAK),2.9881,Rahat Ali
TN Madondo (ZIM),2.985751485,TN Madondo
Hasan Raza (PAK),2.984051485,Hasan Raza
Al-Amin Hossain (BDESH),2.9703,Al-Amin Hossain
BJ McKechnie (NZ),2.9627,BJ McKechnie
Zahoor Elahi (PAK),2.9627,Zahoor Elahi
AG Wharf (ENG),2.9322,AG Wharf
SN Thakur (INDIA),2.9312,SN Thakur
HP Rinke (ZIM),2.920351485,HP Rinke
KED Carroll (IRE),2.913751485,KED Carroll
S Ranatunga (SL),2.9125,S Ranatunga
J Anderson (IRE),2.912051485,J Anderson
SV Bahutule (INDIA),2.912051485,SV Bahutule
JJ van der Wath (SA),2.911751485,JJ van der Wath
Mushtaq Mohammad (PAK),2.911751485,Mushtaq Mohammad
G Dymock (AUS),2.911151485,G Dymock
PA Browne (WI),2.911151485,PA Browne
KEA Upashantha (SL),2.910051485,KEA Upashantha
LG Howell (NZ),2.910051485,LG Howell
RP de Groen (NZ),2.910051485,RP de Groen
RG Petrie (NZ),2.910051485,RG Petrie
JW Wilson (NZ),2.9,JW Wilson
HR Walsh (USA/WI),2.8894,HR Walsh
GD Barlow (ENG),2.883,GD Barlow
Zulqarnain Haider (PAK),2.882451485,Zulqarnain Haider
MW Alleyne (ENG),2.881,MW Alleyne
MDK Perera (SL),2.8793,MDK Perera
PC de Silva (SL),2.8737,PC de Silva
DR Hadlee (NZ),2.8631,DR Hadlee
NM Kulkarni (INDIA),2.8554,NM Kulkarni
DS Kulkarni (INDIA),2.8538,DS Kulkarni
LHD Dilhara (SL),2.852851485,LHD Dilhara
Kabir Ali (ENG),2.8444,Kabir Ali
A Turner (AUS),2.8432,A Turner
MP Jarvis (ZIM),2.8395,MP Jarvis
A Martin (WI),2.838851485,A Martin
MF Kent (AUS),2.838051485,MF Kent
RB Kanhai (WI),2.837751485,RB Kanhai
GM Ewing (ZIM),2.836351485,GM Ewing
HJ Howarth (NZ),2.836051485,HJ Howarth
G Sharma (INDIA),2.834351485,G Sharma
A Maregwede (ZIM),2.834351485,A Maregwede
TM Dowlin (WI),2.834351485,TM Dowlin
LG Rowe (WI),2.834351485,LG Rowe
GE Bradburn (NZ),2.834351485,GE Bradburn
RJ Bright (AUS),2.834351485,RJ Bright
HT Davis (NZ),2.834351485,HT Davis
Naved Latif (PAK),2.8206,Naved Latif
JDF Vandersay (SL),2.8113,JDF Vandersay
Yasir Arafat (PAK),2.7781,Yasir Arafat
Sajid Ali (PAK),2.7764,Sajid Ali
SD Udal (ENG),2.761,SD Udal
JJ Esmeijer (NL),2.760651485,JJ Esmeijer
R Strydom (IRE),2.760351485,R Strydom
D Lloyd (ENG),2.760351485,D Lloyd
T Kumaran (INDIA),2.760351485,T Kumaran
PJ Ingram (NZ),2.760351485,PJ Ingram
FL Reifer (WI),2.760351485,FL Reifer
GK Robertson (NZ),2.758651485,GK Robertson
Shahid Saeed (PAK),2.758651485,Shahid Saeed
GA Paterson (ZIM),2.758651485,GA Paterson
RR Kulkarni (INDIA),2.758651485,RR Kulkarni
ML Su'a (NZ),2.756951485,ML Su'a
PC Connell (IRE),2.756951485,PC Connell
Zakir Khan (PAK),2.754951485,Zakir Khan
Mohammad Zahid (PAK),2.7525,Mohammad Zahid
MH Denness (ENG),2.7432,MH Denness
KM Curran (ZIM),2.7355,KM Curran
RD Woolley (AUS),2.731051485,RD Woolley
GSNFG Jayasuriya (SL),2.7262,GSNFG Jayasuriya
UWMBCA Welegedara (SL),2.7117,UWMBCA Welegedara
TG Shaw (SA),2.7117,TG Shaw
KK Ahmed (INDIA),2.71,KK Ahmed
HS Williams (SA),2.705651485,HS Williams
GA Lamb (ZIM),2.691,GA Lamb
JN Malan (SA),2.688051485,JN Malan
V Razdan (INDIA),2.686651485,V Razdan
B Reddy (INDIA),2.6865,B Reddy
K Verreynne (SA),2.685251485,K Verreynne
ARM Opatha (SL),2.684951485,ARM Opatha
LJ Koen (SA),2.684951485,LJ Koen
DP Samaraweera (SL),2.684951485,DP Samaraweera
Khurram Manzoor (PAK),2.684651485,Khurram Manzoor
CPS Chauhan (INDIA),2.684651485,CPS Chauhan
Hafizur Rahman (BDESH),2.684051485,Hafizur Rahman
A Nortje (SA),2.683251485,A Nortje
P Lever (ENG),2.682951485,P Lever
PLS Gamage (SL),2.682951485,PLS Gamage
TD Astle (NZ),2.682951485,TD Astle
Rumman Raees (PAK),2.682951485,Rumman Raees
P Wilson (AUS),2.681251485,P Wilson
RS Gabriel (WI),2.681251485,RS Gabriel
RJ McCurdy (AUS),2.681251485,RJ McCurdy
MV Fleming (ENG),2.681251485,MV Fleming
SF Graf (AUS),2.681251485,SF Graf
KO Meth (ZIM),2.681251485,KO Meth
GW Humpage (ENG),2.678,GW Humpage
T Bavuma (SA),2.6741,T Bavuma
D Mohammed (WI),2.6707,D Mohammed
S Badrinath (INDIA),2.6695,S Badrinath
HF Gurney (ENG),2.6598,HF Gurney
DE Malcolm (ENG),2.6598,DE Malcolm
P Krishnamurthy (INDIA),2.655351485,P Krishnamurthy
CI Dunusinghe (SL),2.655351485,CI Dunusinghe
ST Banerjee (INDIA),2.6547,ST Banerjee
AB Dinda (INDIA),2.6489,AB Dinda
Bilawal Bhatti (PAK),2.6429,Bilawal Bhatti
Shahid Mahboob (PAK),2.6343,Shahid Mahboob
NA Saini (INDIA),2.6287,NA Saini
JJ Krejza (AUS),2.6275,JJ Krejza
AS Wassan (INDIA),2.6267,AS Wassan
CA Lynn (AUS),2.621,CA Lynn
PA Jaques (AUS),2.6207,PA Jaques
RA Woolmer (ENG),2.6207,RA Woolmer
SHA Rance (NZ),2.609551485,SHA Rance
CE Eksteen (SA),2.608951485,CE Eksteen
AJ Redmond (NZ),2.608951485,AJ Redmond
Faisal Hossain (BDESH),2.608951485,Faisal Hossain
DA Stirling (NZ),2.608951485,DA Stirling
Nazimuddin (BDESH),2.608,Nazimuddin
J Lewis (ENG),2.6076,J Lewis
C Hemraj (WI),2.607551485,C Hemraj
JE Morris (ENG),2.607251485,JE Morris
MG Burmester (ZIM),2.607251485,MG Burmester
RGCE Wijesuriya (SL),2.607251485,RGCE Wijesuriya
IE O'Brien (NZ),2.605551485,IE O'Brien
ML Cummins (WI),2.605551485,ML Cummins
MF Malone (AUS),2.605551485,MF Malone
NV Radford (ENG),2.5938,NV Radford
RB Simpson (AUS),2.5887,RB Simpson
Abid Ali (PAK),2.5785,Abid Ali
DJM Short (AUS),2.5765,DJM Short
TV Mufambisi (ZIM),2.571051485,TV Mufambisi
B Stanlake (AUS),2.5687,B Stanlake
CJ Adams (ENG),2.545,CJ Adams
AJ Turner (AUS),2.5384,AJ Turner
Najmul Hossain Shanto (BDESH),2.531851485,Najmul Hossain Shanto
Azhar Hossain (BDESH),2.531551485,Azhar Hossain
GRJ Roope (ENG),2.531551485,GRJ Roope
B Mavuta (ZIM),2.531551485,B Mavuta
KF Semple (WI),2.531551485,KF Semple
CP Senanayake (SL),2.531551485,CP Senanayake
TMK Mawoyo (ZIM),2.531551485,TMK Mawoyo
JM Wiener (AUS),2.531551485,JM Wiener
Faruk Ahmed (BDESH),2.531551485,Faruk Ahmed
ED Solkar (INDIA),2.531551485,ED Solkar
LS Baker (WI),2.529851485,LS Baker
C Zhuwao (ZIM),2.529851485,C Zhuwao
DT Mutendera (ZIM),2.529851485,DT Mutendera
DP Hyatt (WI),2.529851485,DP Hyatt
A van der Merwe (IRE),2.529851485,A van der Merwe
R Ngarava (ZIM),2.529851485,R Ngarava
JA McCollum (IRE),2.529851485,JA McCollum
CAK Rajitha (SL),2.529851485,CAK Rajitha
Naved Anjum (PAK),2.527851485,Naved Anjum
T Banton (ENG),2.5271,T Banton
MJ Di Venuto (AUS),2.5189,MJ Di Venuto
SP Terry (IRE),2.5181,SP Terry
KHRK Fernando (SL),2.5008,KHRK Fernando
BE Young (AUS),2.4931,BE Young
KA Jamieson (NZ),2.4865,KA Jamieson
KG Duers (ZIM),2.4846,KG Duers
JT Smuts (SA),2.4792,JT Smuts
VR Aaron (INDIA),2.4736,VR Aaron
VRV Singh (INDIA),2.4696,VRV Singh
G Cook (ENG),2.4676,G Cook
KDK Vithanage (SL),2.4676,KDK Vithanage
RG Samuels (WI),2.4659,RG Samuels
MKDI Amerasinghe (SL),2.4659,MKDI Amerasinghe
Bilal Asif (PAK),2.4602,Bilal Asif
JA Burns (AUS),2.4591,JA Burns
PJK Mooney (IRE),2.458951485,PJK Mooney
AJ Tye (AUS),2.4582,AJ Tye
SD Jack (SA),2.457851485,SD Jack
DB Rundle (SA),2.457851485,DB Rundle
APB Tennekoon (SL),2.457551485,APB Tennekoon
Iftikhar Ahmed (PAK),2.457551485,Iftikhar Ahmed
Kabir Khan (PAK),2.4566,Kabir Khan
D Paterson (SA),2.456151485,D Paterson
GD Lloyd (ENG),2.455851485,GD Lloyd
GRA de Silva (SL),2.455851485,GRA de Silva
LR Johnson (WI),2.455851485,LR Johnson
Azam Khan (PAK),2.455851485,Azam Khan
KPJ Warnaweera (SL),2.455851485,KPJ Warnaweera
MW Douglas (NZ),2.455851485,MW Douglas
EH Hutchinson (USA),2.455851485,EH Hutchinson
CB Lambert (USA/WI),2.454951485,CB Lambert
MJ Bennett (AUS),2.454151485,MJ Bennett
DL Maddy (ENG),2.454151485,DL Maddy
Saadat Ali (PAK),2.454151485,Saadat Ali
AMJ Hilditch (AUS),2.454151485,AMJ Hilditch
Zafar Iqbal (PAK),2.454151485,Zafar Iqbal
JJC Lawson (WI),2.452151485,JJC Lawson
BP Patel (INDIA),2.4473,BP Patel
Joginder Sharma (INDIA),2.4438,Joginder Sharma
JA Snow (ENG),2.4404,JA Snow
BA King (WI),2.4268,BA King
IW Callen (AUS),2.4259,IW Callen
SM Warnapura (SL),2.4178,SM Warnapura
Mohammad Sharif (BDESH),2.4141,Mohammad Sharif
CEL Stuart (WI),2.4088,CEL Stuart
Abul Hasan (BDESH),2.4072,Abul Hasan
B Yograj Singh (INDIA),2.3996,B Yograj Singh
B Laughlin (AUS),2.3919,B Laughlin
DJ Cullen (AUS),2.3919,DJ Cullen
Taijul Islam (BDESH),2.3914,Taijul Islam
ML Lewis (AUS),2.3902,ML Lewis
AK Patel (INDIA),2.3902,AK Patel
KV Sharma (INDIA),2.3846,KV Sharma
BB Sran (INDIA),2.3825,BB Sran
Asif Masood (PAK),2.381251485,Asif Masood
BP Nash (WI),2.3809,BP Nash
Rizwan-uz-Zaman (PAK),2.380451485,Rizwan-uz-Zaman
AM Stuart (AUS),2.380451485,AM Stuart
GJ Gilmour (AUS),2.380151485,GJ Gilmour
BE Hendricks (SA),2.380151485,BE Hendricks
Raees Ahmadzai (AFG),2.380151485,Raees Ahmadzai
IR Redpath (AUS),2.380151485,IR Redpath
Sarandeep Singh (INDIA),2.380151485,Sarandeep Singh
R Shepherd (WI),2.380151485,R Shepherd
BE Congdon (NZ),2.379251485,BE Congdon
MD Bell (NZ),2.378451485,MD Bell
NS Yadav (INDIA),2.378451485,NS Yadav
ACI Lock (ZIM),2.378451485,ACI Lock
Manzoor Akhtar (PAK),2.378451485,Manzoor Akhtar
EZ Matambanadzo (ZIM),2.378451485,EZ Matambanadzo
RJ Kennedy (NZ),2.378451485,RJ Kennedy
Jalal-ud-Din (PAK),2.378451485,Jalal-ud-Din
V Permaul (WI),2.378451485,V Permaul
AG Hurst (AUS),2.378451485,AG Hurst
S Samarawickrama (SL),2.378451485,S Samarawickrama
NMK Smith (ENG),2.378451485,NMK Smith
RE Bryson (SA),2.378451485,RE Bryson
Gazi Ashraf (BDESH),2.378451485,Gazi Ashraf
KA Hope (WI),2.378451485,KA Hope
Shafiuddin Ahmed (BDESH),2.376451485,Shafiuddin Ahmed
TS Nethula (NZ),2.3749,TS Nethula
MP Bicknell (ENG),2.3733,MP Bicknell
MA Carberry (ENG),2.3664,MA Carberry
S Sriram (INDIA),2.3639,S Sriram
Taslim Arif (PAK),2.356351485,Taslim Arif
KA Maharaj (SA),2.3562,KA Maharaj
C Overton (ENG),2.3513,C Overton
Naveen-ul-Haq (AFG),2.3417,Naveen-ul-Haq
SS Tiwary (INDIA),2.3255,SS Tiwary
PL Harris (SA),2.3255,PL Harris
GB Stevenson (ENG),2.3162,GB Stevenson
Nazmul Islam (BDESH),2.3069,Nazmul Islam
Hasan Jamil (PAK),2.305551485,Hasan Jamil
MHW Papps (NZ),2.305551485,MHW Papps
PS Vaidya (INDIA),2.304451485,PS Vaidya
J Cameron-Dow (IRE),2.304451485,J Cameron-Dow
HD Rutherford (NZ),2.304451485,HD Rutherford
JC Gamage (SL),2.304451485,JC Gamage
LS Rajput (INDIA),2.304451485,LS Rajput
Fareed Ahmad (AFG),2.304451485,Fareed Ahmad
Saeed Azad (PAK),2.304451485,Saeed Azad
Abdur Rauf (PAK),2.304451485,Abdur Rauf
JG Heron (ZIM),2.302751485,JG Heron
Talha Jubair (BDESH),2.302751485,Talha Jubair
BM Wheeler (NZ),2.302751485,BM Wheeler
MJ Fourie (IRE),2.302751485,MJ Fourie
Saleem Altaf (PAK),2.302751485,Saleem Altaf
GJ Crocker (ZIM),2.302751485,GJ Crocker
R Dhanraj (WI),2.302751485,R Dhanraj
TS Kamunhukamwe (ZIM),2.302751485,TS Kamunhukamwe
MS Chapman (HKG/NZ),2.302751485,MS Chapman
N M'shangwe (ZIM),2.302751485,N M'shangwe
AM Salvi (INDIA),2.2992,AM Salvi
BOP Fernando (SL),2.289,BOP Fernando
A Mithun (INDIA),2.2813,A Mithun
RL Johnson (ENG),2.2793,RL Johnson
RG Hart (NZ),2.265451485,RG Hart
SA Jayasinghe (SL),2.265451485,SA Jayasinghe
D Gamage (SL),2.2575,D Gamage
Yamin Ahmadzai (AFG),2.2567,Yamin Ahmadzai
Mosharraf Hossain (BDESH),2.2558,Mosharraf Hossain
Mohammad Hasnain (PAK),2.2558,Mohammad Hasnain
NGB Cook (ENG),2.248351485,NGB Cook
CP Tremain (AUS),2.2481,CP Tremain
R Sharma (INDIA),2.2481,R Sharma
SCG MacGill (AUS),2.2433,SCG MacGill
BCJ Cutting (AUS),2.2396,BCJ Cutting
Jahangir Alam (BDESH),2.236451485,Jahangir Alam
JAH Marshall (NZ),2.2359,JAH Marshall
JV Paranjpe (INDIA),2.2312,JV Paranjpe
RJ Bailey (ENG),2.2311,RJ Bailey
AK Perera (SL),2.2295,AK Perera
SP Jones (ENG),2.2291,SP Jones
MC Mendis (SL),2.229051485,MC Mendis
Mohammad Naim (BDESH),2.229051485,Mohammad Naim
JK Moss (AUS),2.229051485,JK Moss
EA Essop-Adam (ZIM),2.229051485,EA Essop-Adam
VR Brown (NZ),2.228751485,VR Brown
Pervez Mir (PAK),2.228751485,Pervez Mir
PG Coman (NZ),2.228751485,PG Coman
Morshed Ali Khan (BDESH),2.228751485,Morshed Ali Khan
Fahim Muntasir (BDESH),2.228751485,Fahim Muntasir
W Mwayenga (ZIM),2.228751485,W Mwayenga
Mohammad Khalil (PAK),2.228751485,Mohammad Khalil
DS Weerakkody (SL),2.228751485,DS Weerakkody
K Zondo (SA),2.227051485,K Zondo
CT Mumba (ZIM),2.227051485,CT Mumba
Jahangir Shah (BDESH),2.227051485,Jahangir Shah
Izatullah Dawlatzai (AFG),2.227051485,Izatullah Dawlatzai
AJ Penn (NZ),2.227051485,AJ Penn
GJ Delany (IRE),2.227051485,GJ Delany
Shan Masood (PAK),2.227051485,Shan Masood
JP Millmow (NZ),2.227051485,JP Millmow
Khalid Latif (PAK),2.227051485,Khalid Latif
S Jeganathan (SL),2.227051485,S Jeganathan
B Yardley (AUS),2.227051485,B Yardley
GE Kidd (IRE),2.227051485,GE Kidd
Bazid Khan (PAK),2.227051485,Bazid Khan
Mahbubul Alam (BDESH),2.227051485,Mahbubul Alam
CJ Drum (NZ),2.227051485,CJ Drum
ID Austin (ENG),2.225051485,ID Austin
AN Ranasinghe (SL),2.225051485,AN Ranasinghe
R Edwards (AUS),2.225051485,R Edwards
Aamer Nazir (PAK),2.225051485,Aamer Nazir
MA Aponso (SL),2.225051485,MA Aponso
Gholam Nousher (BDESH),2.225051485,Gholam Nousher
JO Troughton (ENG),2.2133,JO Troughton
G Onions (ENG),2.2056,G Onions
S Mahmood (ENG),2.2056,S Mahmood
Mohammad Salim (BDESH),2.189751485,Mohammad Salim
Javed Qadeer (PAK),2.189751485,Javed Qadeer
RW Tolchard (ENG),2.189751485,RW Tolchard
WCA Ganegama (SL),2.1801,WCA Ganegama
CKB Kulasekara (SL),2.1801,CKB Kulasekara
V Pollard (NZ),2.1724,V Pollard
AJ Tudor (ENG),2.1724,AJ Tudor
JP Agnew (ENG),2.1724,JP Agnew
MJ Smith (ENG),2.1708,MJ Smith
KR Stackpole (AUS),2.1615,KR Stackpole
S Tyagi (INDIA),2.1546,S Tyagi
SMS Kaluperuma (SL),2.153051485,SMS Kaluperuma
EH Mattis (WI),2.153051485,EH Mattis
Mohibullah Oryakhel (AFG),2.153051485,Mohibullah Oryakhel
IT Shillingford (WI),2.153051485,IT Shillingford
ML Udawatte (SL),2.1518,ML Udawatte
AP Igglesden (ENG),2.151351485,AP Igglesden
MH Richardson (NZ),2.151351485,MH Richardson
D Ranatunga (SL),2.151351485,D Ranatunga
SK Ranasinghe (SL),2.151351485,SK Ranasinghe
SJ Cook (SA),2.151351485,SJ Cook
Mafizur Rahman (BDESH),2.151351485,Mafizur Rahman
MW Rushmere (SA),2.151351485,MW Rushmere
SV Nayak (INDIA),2.151351485,SV Nayak
RB Kerr (AUS),2.151351485,RB Kerr
TK Canning (NZ),2.151351485,TK Canning
J Mulder (IRE),2.151351485,J Mulder
CE Bulfin (NZ),2.151351485,CE Bulfin
T Muzarabani (ZIM),2.149351485,T Muzarabani
KOK Williams (WI),2.149351485,KOK Williams
KD Boyce (WI),2.149351485,KD Boyce
KN Amalean (SL),2.149351485,KN Amalean
EA Moseley (WI),2.149351485,EA Moseley
MB Loye (ENG),2.1449,MB Loye
IDK Salisbury (ENG),2.1376,IDK Salisbury
JD Love (ENG),2.1299,JD Love
MVT Fernando (SL),2.1186,MVT Fernando
MDJ Walker (NZ),2.113,MDJ Walker
L Sipamla (SA),2.1129,L Sipamla
CEW Silverwood (ENG),2.1024,CEW Silverwood
BL D'Oliveira (ENG),2.0951,BL D'Oliveira
Ehsan Adil (PAK),2.0947,Ehsan Adil
D Wiese (SA),2.0947,D Wiese
MA Small (WI),2.0882,MA Small
DB Close (ENG),2.0874,DB Close
MJ Lumb (ENG),2.0874,MJ Lumb
GJ Thompson (IRE),2.0874,GJ Thompson
JS Paris (AUS),2.0797,JS Paris
Dolar Mahmud (BDESH),2.076451485,Dolar Mahmud
Saiful Islam (BDESH),2.076451485,Saiful Islam
DI Joyce (IRE),2.075651485,DI Joyce
SC Getkate (IRE),2.075651485,SC Getkate
C Campher (IRE),2.075651485,C Campher
AJ Mackay (ZIM),2.075651485,AJ Mackay
RAL Massie (AUS),2.075651485,RAL Massie
SP Mukherjee (INDIA),2.075651485,SP Mukherjee
Jubair Hossain (BDESH),2.075651485,Jubair Hossain
RW Sims (ZIM),2.075651485,RW Sims
LN Roche (ZIM),2.075651485,LN Roche
DJ White (NZ),2.075651485,DJ White
MA Lynch (ENG),2.075651485,MA Lynch
WA Wisneski (NZ),2.075651485,WA Wisneski
DJ Worrall (AUS),2.075651485,DJ Worrall
Shafiq Ahmed (PAK),2.075651485,Shafiq Ahmed
Shadab Kabir (PAK),2.075651485,Shadab Kabir
CS Serjeant (AUS),2.075651485,CS Serjeant
O Henry (SA),2.075651485,O Henry
S Amarnath (INDIA),2.075651485,S Amarnath
U Ranchod (ZIM),2.075651485,U Ranchod
GJP Kruger (SA),2.075651485,GJP Kruger
HT Tector (IRE),2.075651485,HT Tector
W Madhevere (ZIM),2.075651485,W Madhevere
JH Edrich (ENG),2.073651485,JH Edrich
JD Unadkat (INDIA),2.073651485,JD Unadkat
ERNS Fernando (SL),2.073651485,ERNS Fernando
BA Parchment (WI),2.073651485,BA Parchment
LR Shukla (INDIA),2.0704,LR Shukla
Pankaj Singh (INDIA),2.0635,Pankaj Singh
MKGCP Lakshitha (SL),2.0599,MKGCP Lakshitha
PM Pushpakumara (SL),2.0543,PM Pushpakumara
EMDY Munaweera (SL),2.0543,EMDY Munaweera
HWR Cartwright (AUS),2.0542,HWR Cartwright
MJ North (AUS),2.0542,MJ North
OAC Banks (WI),2.0473,OAC Banks
NV Ojha (INDIA),2.0373,NV Ojha
Ijaz Ahmed jnr (PAK),2.036351485,Ijaz Ahmed jnr
B Geeves (AUS),2.0287,B Geeves
AP Grayson (ENG),2.0287,AP Grayson
BR Dorey (AUS),2.0283,BR Dorey
U Chatterjee (INDIA),2.0194,U Chatterjee
MA Agarwal (INDIA),2.0194,MA Agarwal
Gurkeerat Singh (INDIA),2.0194,Gurkeerat Singh
Imran Abbas (PAK),2.0117,Imran Abbas
Neeyamur Rashid (BDESH),2.0117,Neeyamur Rashid
M de Lange (SA),2.0113,M de Lange
Samiur Rahman (BDESH),2.002751485,Samiur Rahman
DLS de Silva (SL),2.002751485,DLS de Silva
GC Tonge (WI),2.002,GC Tonge
MD Bates (NZ),1.999951485,MD Bates
BC Rose (ENG),1.999951485,BC Rose
J Blackwood (WI),1.999951485,J Blackwood
Fazle Mahmud (BDESH),1.999951485,Fazle Mahmud
GH Bodi (SA),1.999951485,GH Bodi
GD Porter (AUS),1.999951485,GD Porter
R Illingworth (ENG),1.999951485,R Illingworth
PARP Perera (SL),1.999951485,PARP Perera
CJ Dala (SA),1.999951485,CJ Dala
TA Blundell (NZ),1.999951485,TA Blundell
GA Bishop (AUS),1.999951485,GA Bishop
Abu Hider (BDESH),1.999951485,Abu Hider
Noor-ul-Haq (AFG),1.999951485,Noor-ul-Haq
AK Zesers (AUS),1.999951485,AK Zesers
RR Emrit (WI),1.999951485,RR Emrit
Younis Ahmed (PAK),1.999951485,Younis Ahmed
JJ Whitaker (ENG),1.999951485,JJ Whitaker
Sohail Fazal (PAK),1.999951485,Sohail Fazal
Usman Salahuddin (PAK),1.999951485,Usman Salahuddin
VB van Jaarsveld (SA),1.999951485,VB van Jaarsveld
RS Haire (IRE),1.999951485,RS Haire
JC Kent (SA),1.999951485,JC Kent
N Gifford (ENG),1.999951485,N Gifford
Aamer Hameed (PAK),1.999951485,Aamer Hameed
JWHD Boteju (SL),1.999951485,JWHD Boteju
FJ Titmus (ENG),1.999951485,FJ Titmus
BR Taylor (NZ),1.999951485,BR Taylor
PD Heyn (SL),1.999951485,PD Heyn
Abdullah Mazari (AFG),1.999951485,Abdullah Mazari
Tanvir Ahmed (PAK),1.999951485,Tanvir Ahmed
Sheikh Salahuddin (BDESH),1.997951485,Sheikh Salahuddin
JB Little (IRE),1.997951485,JB Little
Ehsanul Haque (BDESH),1.997951485,Ehsanul Haque
KCB Jeremy (WI),1.997951485,KCB Jeremy
Khaliq Dad (AFG),1.997951485,Khaliq Dad
RS Ghai (INDIA),1.997951485,RS Ghai
TJ Laughlin (AUS),1.997951485,TJ Laughlin
Nadeem Ghauri (PAK),1.997951485,Nadeem Ghauri
DAG Fletcher (ZIM),1.997951485,DAG Fletcher
RW Anderson (NZ),1.9862,RW Anderson
ADG Roberts (NZ),1.9785,ADG Roberts
BJ Diamanti (NZ),1.9785,BJ Diamanti
S Kaul (INDIA),1.9769,S Kaul
RA Jones (NZ),1.9765,RA Jones
VB Chandrasekhar (INDIA),1.9749,VB Chandrasekhar
WM Lawry (AUS),1.97,WM Lawry
AL Wadekar (INDIA),1.9692,AL Wadekar
PJ Franks (ENG),1.953,PJ Franks
Washington Sundar (INDIA),1.953,Washington Sundar
RWT Key (ENG),1.951,RWT Key
Raqibul Hasan (BDESH),1.9465,Raqibul Hasan
Tanbir Hayder (BDESH),1.9267,Tanbir Hayder
Moin-ul-Atiq (PAK),1.925051485,Moin-ul-Atiq
Jamaluddin Ahmed (BDESH),1.924251485,Jamaluddin Ahmed
GD McKenzie (AUS),1.924251485,GD McKenzie
R Sudhakar Rao (INDIA),1.924251485,R Sudhakar Rao
NM Parker (NZ),1.924251485,NM Parker
TN Garwe (ZIM),1.924251485,TN Garwe
LW Stott (NZ),1.924251485,LW Stott
S Abrahams (SA),1.924251485,S Abrahams
Ibrahim Zadran (AFG),1.924251485,Ibrahim Zadran
Rokhan Barakzai (AFG),1.924251485,Rokhan Barakzai
M Yachad (SA),1.924251485,M Yachad
Rizwan Ahmed (PAK),1.924251485,Rizwan Ahmed
K Shuttleworth (ENG),1.924251485,K Shuttleworth
ACL Richards (WI),1.924251485,ACL Richards
Naeem Ahmed (PAK),1.924251485,Naeem Ahmed
AG Puttick (SA),1.924251485,AG Puttick
KADM Fernando (SL),1.924251485,KADM Fernando
Irfan Bhatti (PAK),1.924251485,Irfan Bhatti
Gursharan Singh (INDIA),1.924251485,Gursharan Singh
FC Hayes (ENG),1.922251485,FC Hayes
GC Martin (ZIM),1.922251485,GC Martin
AR Tait (NZ),1.922251485,AR Tait
PG Gillespie (IRE),1.922251485,PG Gillespie
Golam Faruq (BDESH),1.922251485,Golam Faruq
AMN Munasinghe (SL),1.922251485,AMN Munasinghe
Zulfiqar Babar (PAK),1.922251485,Zulfiqar Babar
GA Briant (ZIM),1.922251485,GA Briant
MI Black (WI),1.922251485,MI Black
S Abid Ali (INDIA),1.922251485,S Abid Ali
Aamer Hanif (PAK),1.922251485,Aamer Hanif
DK Butler (WI),1.922251485,DK Butler
GS Sobers (WI),1.9105,GS Sobers
J Angel (AUS),1.9101,J Angel
J Yadav (INDIA),1.902,J Yadav
CL Smith (ENG),1.9008,CL Smith
D Brown (WI),1.8676,D Brown
SM Curran (ENG),1.866,SM Curran
OP Stone (ENG),1.8506,OP Stone
DJ Terbrugge (SA),1.849351485,DJ Terbrugge
JD Campbell (WI),1.849,JD Campbell
D Ramnarine (WI),1.846551485,D Ramnarine
TAP Sekhar (INDIA),1.846551485,TAP Sekhar
SL Stewart (NZ),1.846551485,SL Stewart
Akhtar Sarfraz (PAK),1.846551485,Akhtar Sarfraz
Mujahid Jamshed (PAK),1.846551485,Mujahid Jamshed
Mohammad Nazir (PAK),1.846551485,Mohammad Nazir
Nurul Abedin (BDESH),1.846551485,Nurul Abedin
CW Henderson (SA),1.846551485,CW Henderson
PA Horne (NZ),1.846551485,PA Horne
Intikhab Alam (PAK),1.846551485,Intikhab Alam
Iqbal Sikander (PAK),1.846551485,Iqbal Sikander
LD Madushanka (SL),1.846551485,LD Madushanka
Asad Ali (PAK),1.846551485,Asad Ali
GFJ Liebenberg (SA),1.846551485,GFJ Liebenberg
Junaid Zia (PAK),1.846551485,Junaid Zia
BS Browne (WI),1.846551485,BS Browne
LWS Kaluperuma (SL),1.846551485,LWS Kaluperuma
PM Toohey (AUS),1.846551485,PM Toohey
SL Watkin (ENG),1.846551485,SL Watkin
MS Tshabalala (SA),1.846551485,MS Tshabalala
Aamer Yamin (PAK),1.846551485,Aamer Yamin
LJ Woodcock (NZ),1.846551485,LJ Woodcock
SS Das (INDIA),1.846551485,SS Das
NA David (INDIA),1.846551485,NA David
GN de Silva (SL),1.846551485,GN de Silva
CA Pujara (INDIA),1.8328,CA Pujara
CM Willoughby (SA),1.8251,CM Willoughby
WM Clark (AUS),1.8198,WM Clark
B Arun (INDIA),1.8158,B Arun
Sami Aslam (PAK),1.8158,Sami Aslam
CT Radley (ENG),1.8158,CT Radley
JA Jameson (ENG),1.7996,JA Jameson
DM Smith (ENG),1.7919,DM Smith
MS Gony (INDIA),1.7919,MS Gony
Wasim Haider (PAK),1.7826,Wasim Haider
JH Hampshire (ENG),1.7826,JH Hampshire
Fawad Ahmed (AUS),1.7826,Fawad Ahmed
CS Cowdrey (ENG),1.7826,CS Cowdrey
Shahzaib Hasan (PAK),1.7826,Shahzaib Hasan
TA Lloyd (ENG),1.7826,TA Lloyd
TJ Franklin (NZ),1.779251485,TJ Franklin
LB Taylor (ENG),1.7749,LB Taylor
SG Davies (ZIM),1.7733,SG Davies
Shuvagata Hom (BDESH),1.7733,Shuvagata Hom
JG Thomas (ENG),1.770851485,JG Thomas
BW Luckhurst (ENG),1.770851485,BW Luckhurst
RPAH Wickramaratne (SL),1.770851485,RPAH Wickramaratne
AM Nayar (INDIA),1.770851485,AM Nayar
MRCN Bandaratilleke (SL),1.770851485,MRCN Bandaratilleke
MN Nawaz (SL),1.770851485,MN Nawaz
Naseer Malik (PAK),1.770851485,Naseer Malik
HAG Anthony (WI),1.770851485,HAG Anthony
GP Sulzberger (NZ),1.770851485,GP Sulzberger
Mohammad Talha (PAK),1.770851485,Mohammad Talha
Sunzamul Islam (BDESH),1.770851485,Sunzamul Islam
PH Carlson (AUS),1.770851485,PH Carlson
Mohammad Abbas (PAK),1.770851485,Mohammad Abbas
Zahid Razzak (BDESH),1.770851485,Zahid Razzak
Ashfaq Ahmed (PAK),1.770851485,Ashfaq Ahmed
DR O'Sullivan (NZ),1.770851485,DR O'Sullivan
J Louw (SA),1.770851485,J Louw
T Yohannan (INDIA),1.770851485,T Yohannan
PL Mhambrey (INDIA),1.770851485,PL Mhambrey
ER Fernando (SL),1.770851485,ER Fernando
GE Peckover (ZIM),1.770851485,GE Peckover
HSM Pieris (SL),1.770851485,HSM Pieris
R Dhawan (INDIA),1.770851485,R Dhawan
AP Sheahan (AUS),1.770851485,AP Sheahan
PP Shaw (INDIA),1.770851485,PP Shaw
F Kasteni (ZIM),1.770851485,F Kasteni
DJ Gandhi (INDIA),1.770851485,DJ Gandhi
RJ Webb (NZ),1.770851485,RJ Webb
LV Garrick (WI),1.770851485,LV Garrick
SRD Wettimuny (SL),1.770851485,SRD Wettimuny
Ghulam Ali (PAK),1.770851485,Ghulam Ali
LR Gibbs (WI),1.770851485,LR Gibbs
IS Gallage (SL),1.770851485,IS Gallage
Dawlat Ahmadzai (AFG),1.770851485,Dawlat Ahmadzai
Saad Nasim (PAK),1.770851485,Saad Nasim
Y Goonasekera (SL),1.770851485,Y Goonasekera
Robiul Islam (BDESH),1.770851485,Robiul Islam
CEB Rice (SA),1.770851485,CEB Rice
IC Davis (AUS),1.770851485,IC Davis
Haafiz Shahid (PAK),1.770851485,Haafiz Shahid
MH Tissera (SL),1.770851485,MH Tissera
JD Hall (IRE),1.770851485,JD Hall
K Pierre (WI),1.770851485,K Pierre
JM Mennie (AUS),1.7664,JM Mennie
Liaqat Ali (PAK),1.7571,Liaqat Ali
Elias Sunny (BDESH),1.7478,Elias Sunny
MG Vandort (SL),1.7417,MG Vandort
GR Beard (AUS),1.7239,GR Beard
SC Meaker (ENG),1.7239,SC Meaker
MJ Cosgrove (AUS),1.7146,MJ Cosgrove
Bhupinder Singh snr (INDIA),1.7069,Bhupinder Singh snr
AGR Loudon (ENG),1.6992,AGR Loudon
W Jaffer (INDIA),1.6984,W Jaffer
GK Khoda (INDIA),1.697951485,GK Khoda
EJ Richardson (IRE),1.697951485,EJ Richardson
BM Duckett (ENG),1.6976,BM Duckett
UNK Fernando (SL),1.695151485,UNK Fernando
GW Aldridge (NZ),1.695151485,GW Aldridge
RE Redmond (NZ),1.695151485,RE Redmond
RA Reifer (WI),1.695151485,RA Reifer
TE Srinivasan (INDIA),1.695151485,TE Srinivasan
KP Walmsley (NZ),1.695151485,KP Walmsley
PV Mpitsang (SA),1.695151485,PV Mpitsang
SJ Roberts (NZ),1.695151485,SJ Roberts
Moniruzzaman (BDESH),1.695151485,Moniruzzaman
Naeem Ashraf (PAK),1.695151485,Naeem Ashraf
GD Watson (AUS),1.695151485,GD Watson
VR Hogg (ZIM),1.695151485,VR Hogg
RG Holland (AUS),1.695151485,RG Holland
SD Parry (ENG),1.695151485,SD Parry
S Somasunder (INDIA),1.695151485,S Somasunder
Nadeem Khan (PAK),1.695151485,Nadeem Khan
CJPG van Zyl (SA),1.695151485,CJPG van Zyl
MW Parkinson (ENG),1.695151485,MW Parkinson
S Weerakoon (SL),1.695151485,S Weerakoon
D Olivier (SA),1.695151485,D Olivier
KJ O'Keeffe (AUS),1.695151485,KJ O'Keeffe
Hasti Gul (AFG),1.695151485,Hasti Gul
Fazl-e-Akbar (PAK),1.695151485,Fazl-e-Akbar
IA Nicolson (ZIM),1.695151485,IA Nicolson
MG Neser (AUS),1.695151485,MG Neser
A Ndlovu (ZIM),1.695151485,A Ndlovu
GS Trimble (AUS),1.695151485,GS Trimble
N Ranatunga (SL),1.695151485,N Ranatunga
GK Pandey (INDIA),1.695151485,GK Pandey
CK Tshuma (ZIM),1.695151485,CK Tshuma
Randhir Singh (INDIA),1.695151485,Randhir Singh
BG Hadlee (NZ),1.695151485,BG Hadlee
NLK Ratnayake (SL),1.695151485,NLK Ratnayake
SS Raul (INDIA),1.695151485,SS Raul
PHKD Mendis (SL),1.695151485,PHKD Mendis
Saad Ali (PAK),1.695151485,Saad Ali
Jahangir Alam Talukdar (BDESH),1.695151485,Jahangir Alam Talukdar
NGRP Jayasuriya (SL),1.695151485,NGRP Jayasuriya
A Bhandari (INDIA),1.695151485,A Bhandari
JE Benjamin (ENG),1.695151485,JE Benjamin
RR Beaton (WI),1.695151485,RR Beaton
C Jonker (SA),1.695151485,C Jonker
Asif Mahmood (PAK),1.695151485,Asif Mahmood
Zahid Ahmed (PAK),1.695151485,Zahid Ahmed
MT Chinouya (ZIM),1.695151485,MT Chinouya
Azmat Rana (PAK),1.695151485,Azmat Rana
Shaheedur Rahman (BDESH),1.695151485,Shaheedur Rahman
MLC Foster (WI),1.695151485,MLC Foster
Shakeel Ahmed jnr (PAK),1.695151485,Shakeel Ahmed jnr
SP Pasqual (SL),1.695151485,SP Pasqual
Harunur Rashid (BDESH),1.695151485,Harunur Rashid
PH Sharma (INDIA),1.695151485,PH Sharma
Kamran Hussain (PAK),1.695151485,Kamran Hussain
Rafiqul Alam (BDESH),1.695151485,Rafiqul Alam
LJ Hamilton (NZ),1.695151485,LJ Hamilton
OC McCoy (WI),1.695151485,OC McCoy
Sajjad Akbar (PAK),1.695151485,Sajjad Akbar
CM Wells (ENG),1.695151485,CM Wells
PS Masvaure (ZIM),1.695151485,PS Masvaure
PIC Thompson (WI),1.695151485,PIC Thompson
Arshad Pervez (PAK),1.695151485,Arshad Pervez
RK Whelan (IRE),1.695151485,RK Whelan
Mansoor Rana (PAK),1.695151485,Mansoor Rana
Sajjad Ahmed (BDESH),1.695151485,Sajjad Ahmed
Samiullah Khan (PAK),1.695151485,Samiullah Khan
T Bosch (SA),1.695151485,T Bosch
GA Cope (ENG),1.695151485,GA Cope
RSA Jayasekera (SL),1.695151485,RSA Jayasekera
GS Sandhu (AUS),1.695151485,GS Sandhu
RP Singh (INDIA),1.687,RP Singh
AN Connolly (AUS),1.6737,AN Connolly
PS Jayaprakashdaran (SL),1.6737,PS Jayaprakashdaran
DP Nannes (AUS),1.6737,DP Nannes
G Chapple (ENG),1.6737,G Chapple
MTG Elliott (AUS),1.6737,MTG Elliott
RO Butcher (ENG),1.6721,RO Butcher
SS Naik (INDIA),1.6644,SS Naik
SG Borthwick (ENG),1.6644,SG Borthwick
WN Slack (ENG),1.6644,WN Slack
Shubman Gill (INDIA),1.6644,Shubman Gill
Abu Jayed (BDESH),1.6502,Abu Jayed
PI Pocock (ENG),1.6482,PI Pocock
SC Kuggeleijn (NZ),1.6474,SC Kuggeleijn
SA Abbott (AUS),1.6397,SA Abbott
Anisur Rahman (BDESH),1.6389,Anisur Rahman
DR Briggs (ENG),1.6312,DR Briggs
S Dube (INDIA),1.6312,S Dube
SM Harwood (AUS),1.6312,SM Harwood
DJ Malan (ENG),1.6312,DJ Malan
KJ Barnett (ENG),1.6312,KJ Barnett
DL Chahar (INDIA),1.6296,DL Chahar
JP Taylor (ENG),1.627851485,JP Taylor
LA Dawson (ENG),1.6219,LA Dawson
S Shivnarine (WI),1.619451485,S Shivnarine
DJ Colley (AUS),1.619451485,DJ Colley
H Davids (SA),1.619451485,H Davids
RT Crandon (WI),1.619451485,RT Crandon
BP Bracewell (NZ),1.619451485,BP Bracewell
M Shezi (SA),1.619451485,M Shezi
MC Cowdrey (ENG),1.619451485,MC Cowdrey
AJ Woodcock (AUS),1.619451485,AJ Woodcock
Zafar Gohar (PAK),1.619451485,Zafar Gohar
Zakiullah Zaki (AFG),1.619451485,Zakiullah Zaki
FS Ahangama (SL),1.619451485,FS Ahangama
MD Wettimuny (SL),1.619451485,MD Wettimuny
Zahir Khan (AFG),1.619451485,Zahir Khan
JD Siddons (AUS),1.619451485,JD Siddons
Zakir Hasan (BDESH),1.619451485,Zakir Hasan
Zakir Hossain (BDESH),1.619451485,Zakir Hossain
TL Fernando (SL),1.619451485,TL Fernando
KJ Silva (SL),1.619451485,KJ Silva
SA Britton (IRE),1.619451485,SA Britton
AP Wells (ENG),1.619451485,AP Wells
AP Weerakkody (SL),1.619451485,AP Weerakkody
WJ Edwards (AUS),1.619451485,WJ Edwards
EP Thompson (NZ),1.619451485,EP Thompson
Tanvir Mehdi (PAK),1.619451485,Tanvir Mehdi
AL Thomson (AUS),1.619451485,AL Thomson
PS Eaglestone (IRE),1.619451485,PS Eaglestone
Faisal Athar (PAK),1.619451485,Faisal Athar
PJR Steyn (SA),1.619451485,PJR Steyn
DM Dupavillon (SA),1.619451485,DM Dupavillon
Ahmed Kamal (BDESH),1.619451485,Ahmed Kamal
CM Tuckett (WI),1.619451485,CM Tuckett
SO Dowrich (WI),1.619451485,SO Dowrich
GK Bruk-Jackson (ZIM),1.619451485,GK Bruk-Jackson
DS Steele (ENG),1.619451485,DS Steele
M Venkataramana (INDIA),1.619451485,M Venkataramana
GE Vivian (NZ),1.619451485,GE Vivian
DM Vonhagt (SL),1.619451485,DM Vonhagt
Wahidul Gani (BDESH),1.619451485,Wahidul Gani
P Dharmani (INDIA),1.619451485,P Dharmani
M Watkinson (ENG),1.619451485,M Watkinson
AM Fernando (SL),1.619451485,AM Fernando
Karim Janat (AFG),1.619451485,Karim Janat
GK Bose (INDIA),1.619451485,GK Bose
M Bhanuka (SL),1.619451485,M Bhanuka
Naumanullah (PAK),1.619451485,Naumanullah
Nasim-ul-Ghani (PAK),1.619451485,Nasim-ul-Ghani
Shariful Haque (BDESH),1.619451485,Shariful Haque
Najeeb Tarakai (AFG),1.619451485,Najeeb Tarakai
Najaf Shah (PAK),1.619451485,Najaf Shah
SD Heazlett (AUS),1.619451485,SD Heazlett
DJ Murray (NZ),1.619451485,DJ Murray
Anwar Hossain Monir (BDESH),1.619451485,Anwar Hossain Monir
Anwar Hossain (BDESH),1.619451485,Anwar Hossain
Ariful Haque (BDESH),1.619451485,Ariful Haque
Hussain Talat (PAK),1.619451485,Hussain Talat
Irfan Fazil (PAK),1.619451485,Irfan Fazil
MA Meman (ZIM),1.619451485,MA Meman
GJ McCarter (IRE),1.619451485,GJ McCarter
Mazharul Haque (BDESH),1.619451485,Mazharul Haque
AW Mathieson (NZ),1.619451485,AW Mathieson
Masood Iqbal (PAK),1.619451485,Masood Iqbal
Maqsood Rana (PAK),1.619451485,Maqsood Rana
Mansoor Amjad (PAK),1.619451485,Mansoor Amjad
AV Mankad (INDIA),1.619451485,AV Mankad
Mahmood Hamid (PAK),1.619451485,Mahmood Hamid
DSK Madushanka (SL),1.619451485,DSK Madushanka
JA Maclean (AUS),1.619451485,JA Maclean
TJ Jenner (AUS),1.619451485,TJ Jenner
RA Austin (WI),1.619451485,RA Austin
DV Lawrence (ENG),1.619451485,DV Lawrence
MD Bailey (NZ),1.619451485,MD Bailey
KMC Bandara (SL),1.619451485,KMC Bandara
R Kaia (ZIM),1.619451485,R Kaia
RL Hayes (NZ),1.619451485,RL Hayes
RGA Headley (WI),1.619451485,RGA Headley
N Ncube (ZIM),1.619451485,N Ncube
TS Roland-Jones (ENG),1.619451485,TS Roland-Jones
AA Noffke (AUS),1.619451485,AA Noffke
AAW Gunawardena (SL),1.619451485,AAW Gunawardena
Aminul Islam jnr (BDESH),1.619451485,Aminul Islam jnr
Kashif Raza (PAK),1.619451485,Kashif Raza
FRMD Gunatilleke (SL),1.619451485,FRMD Gunatilleke
AE Greenidge (WI),1.619451485,AE Greenidge
Saleem Pervez (PAK),1.619451485,Saleem Pervez
Rafiqul Islam (BDESH),1.619451485,Rafiqul Islam
Sayed Shirzad (AFG),1.619451485,Sayed Shirzad
BN Schultz (SA),1.619451485,BN Schultz
D Ganesh (INDIA),1.619451485,D Ganesh
Shahid Anwar (PAK),1.619451485,Shahid Anwar
Shakeel Khan (PAK),1.619451485,Shakeel Khan
JNK Shannon (IRE),1.619451485,JNK Shannon
RR Ramdass (WI),1.619451485,RR Ramdass
Raza Hasan (PAK),1.619451485,Raza Hasan
NT Pascal (WI),1.619451485,NT Pascal
JR Hammond (AUS),1.619451485,JR Hammond
MJ Haslam (NZ),1.619451485,MJ Haslam
MB Owens (NZ),1.619451485,MB Owens
Parvez Rasool (INDIA),1.619451485,Parvez Rasool
RT Hart (NZ),1.619451485,RT Hart
N Phillip (WI),1.619451485,N Phillip
KG Perera (SL),1.619451485,KG Perera
RGM Patel (INDIA),1.619451485,RGM Patel
ZS Ansari (ENG),1.6057,ZS Ansari
Subashis Roy (BDESH),1.6057,Subashis Roy
M Pushpakumara (SL),1.5964,M Pushpakumara
Ahmed Shah (AFG),1.5887,Ahmed Shah
Mohammed Siraj (INDIA),1.5887,Mohammed Siraj
KK Nair (INDIA),1.5794,KK Nair
FY Fazal (INDIA),1.5632,FY Fazal
MR Benson (ENG),1.5632,MR Benson
BS Chandrasekhar (INDIA),1.5462,BS Chandrasekhar
DF Whatmore (AUS),1.5462,DF Whatmore
AR Butcher (ENG),1.5462,AR Butcher
AV Kale (INDIA),1.5462,AV Kale
PHT Kaushal (SL),1.5462,PHT Kaushal
Afif Hossain (BDESH),1.5207,Afif Hossain
Mahbubur Rahman (BDESH),1.4782,Mahbubur Rahman
