Player,Fielders_score
AC Gilchrist (AUS/ICC),403.3516216
KC Sangakkara (Asia/ICC/SL),389.0165046000001
MV Boucher (Afr/SA),388.7341158
MS Dhoni (Asia/INDIA),313.37537879999996
BB McCullum (NZ),250.21125740000002
Moin Khan (PAK),208.7088202792079
DPMD Jayawardene (Asia/SL),192.93845579999999
IA Healy (AUS),188.301458
R Dravid (Asia/ICC/INDIA),179.7097998
PJL Dujon (WI),177.18311147920792
Rashid Latif (PAK),176.74338987920794
Mushfiqur Rahim (BDESH),175.9029076
D Ramdin (WI),174.7489462792079
JC Buttler (ENG),171.7083926
BJ Haddin (AUS),164.27055359999997
AB de Villiers (Afr/SA),163.3076482
Q de Kock (SA),158.42732700000005
RD Jacobs (WI),155.28578447920796
AJ Stewart (ENG),153.04524880000002
Kamran Akmal (PAK),152.3833702
DJ Richardson (SA),143.31596760000002
RT Ponting (AUS/ICC),141.82965319999997
M Azharuddin (INDIA),138.2048264
A Flower (ZIM),136.6363216
RS Kaluwitharana (SL),129.8551538792079
SR Tendulkar (INDIA),124.47217619999999
LRPL Taylor (NZ),123.0288088
Younis Khan (PAK),119.98968579999999
BRM Taylor (ZIM),119.41409467920793
SP Fleming (ICC/NZ),117.87767199999999
JH Kallis (Afr/ICC/SA),116.24402500000001
RW Marsh (AUS),115.95770780000001
M Muralitharan (Asia/ICC/SL),115.37437940000002
V Kohli (INDIA),113.41156360000002
Shahid Afridi (Asia/ICC/PAK),112.88682720000001
Sarfaraz Ahmed (PAK),112.77647099999999
AR Border (AUS),112.56772520000001
AC Parore (NZ),112.55981487920792
T Taibu (Afr/ZIM),111.0413784
CH Gayle (ICC/WI),110.0200724
TM Dilshan (SL),109.63250760000001
ST Jayasuriya (Asia/SL),109.49165700000002
NR Mongia (INDIA),107.67786420000002
BC Lara (ICC/WI),106.49184060000002
CL Hooper (WI),106.31959067920792
MS Wade (AUS),104.56599039999999
L Ronchi (AUS/NZ),101.768045
Inzamam-ul-Haq (Asia/PAK),100.55147320000002
SR Waugh (AUS),98.66233440000002
RS Mahanama (SL),96.60523727920791
SM Pollock (Afr/ICC/SA),95.96965780000001
HH Gibbs (SA),95.82264780000001
ME Waugh (AUS),95.82145800000002
PD Collingwood (ENG),95.70463260000001
MJ Clarke (AUS),94.0533628
JN Rhodes (SA),93.18295027920792
GC Smith (Afr/SA),93.08196439999999
MEK Hussey (AUS),93.0339834
SK Raina (INDIA),90.4838988
Khaled Mashud (BDESH),89.11237500000001
SC Ganguly (Asia/INDIA),88.96469480000002
IVA Richards (WI),88.666163
Shoaib Malik (PAK),87.1386014
NJ O'Brien (IRE),86.78610099999997
CZ Harris (NZ),85.27989587920791
PA de Silva (SL),84.53872720000001
Yuvraj Singh (Asia/INDIA),83.6763026
V Sehwag (Asia/ICC/INDIA),82.6357794
HP Tillakaratne (SL),82.39123967920793
MJ Guptill (NZ),80.7532402
SD Hope (WI),80.54915600000001
Ijaz Ahmed (PAK),80.01728247920792
Saleem Yousuf (PAK),79.03529547920793
Wasim Akram (PAK),78.52823360000002
IDS Smith (NZ),78.43535979999999
DL Vettori (ICC/NZ),78.36878640000002
TWM Latham (NZ),77.41026299999999
HM Amla (SA),77.21425699999999
EJG Morgan (ENG/IRE),76.70693200000002
GW Flower (ZIM),76.42573400000002
A Kumble (Asia/INDIA),75.6658212
Mohammad Hafeez (PAK),75.5386764
NJ Astle (NZ),73.80837127920792
A Symonds (AUS),72.879895
JP Duminy (SA),72.82958900000001
Umar Akmal (PAK),72.32923139999998
Saleem Malik (PAK),72.2589582
F du Plessis (SA),71.8420464
SK Warne (AUS/ICC),71.0970628
UDU Chandana (SL),70.0937194792079
GC Wilson (IRE),69.035853
MJ Prior (ENG),68.78215619999999
RG Sharma (INDIA),68.52048760000001
ADR Campbell (ZIM),67.72616107920794
RB Richardson (WI),66.7572032
GO Jones (ENG/PNG),65.895575
JE Root (ENG),65.70794560000002
S Chanderpaul (WI),65.10332880000001
WJ Cronje (SA),64.95471720000002
SB Styris (NZ),64.92522320000002
DJ Bravo (WI),64.85328440000002
E Chigumbura (Afr/ZIM),64.10454587920792
Javed Miandad (PAK),63.4097224
Harbhajan Singh (Asia/INDIA),63.2657086
N Kapil Dev (INDIA),63.257930200000004
H Masakadza (ZIM),63.23597
Mohammad Shahzad (AFG),62.67836019999999
JC Adams (WI),62.670606879207924
MS Atapattu (SL),62.450633599999996
KS More (INDIA),61.9139692
MG Bevan (AUS),61.5156846
DR Martyn (AUS),61.4551212
GJ Maxwell (AUS),61.233382999999996
ML Hayden (AUS/ICC),60.474755
KD Karthik (INDIA),59.856493
DJG Sammy (WI),59.51963780000001
SPD Smith (AUS),59.494860800000005
CL Cairns (ICC/NZ),58.853524799999995
Misbah-ul-Haq (PAK),58.705365799999996
MD Crowe (NZ),58.6803738
CO Browne (WI),57.39887887920791
SR Watson (AUS),57.035244600000006
Mahmudullah (BDESH),57.01118
KJ O'Brien (IRE),56.91219227920792
GA Hick (ENG),56.8727426
WTS Porterfield (IRE),56.8691132
A Ranatunga (SL),56.33702340000001
Mashrafe Mortaza (Asia/BDESH),55.3499984
LD Chandimal (SL),55.27075279999999
NLTC Perera (SL),55.2061322
S Dhawan (INDIA),55.13219099999999
DJ Cullinan (SA),55.12615687920792
AJ Finch (AUS),55.1101414
G Kirsten (SA),54.483207400000005
AL Logie (WI),54.30630947920792
DA Miller (SA),54.2381594
KA Pollard (WI),54.221305599999994
WPUJC Vaas (Asia/SL),53.818837
KS Williamson (NZ),53.404986
DL Haynes (WI),52.76203187920792
A Jadeja (INDIA),52.6301852
Mohammad Yousuf (Asia/PAK),51.98607899999999
RA Jadeja (INDIA),51.67839419999999
C Kieswetter (ENG),51.64835939999999
AJ Strauss (ENG),50.711085000000004
Wasim Bari (PAK),50.693577
DA Warner (AUS),49.831979000000004
MA Taylor (AUS),49.80956307920792
TD Paine (AUS),49.5271118
PV Simmons (WI),49.007121999999995
M Kaif (INDIA),48.9483652
Mohammad Nabi (AFG),48.9364562
RA Harper (WI),48.926940800000004
B Lee (AUS),48.3216174
Tamim Iqbal (BDESH),48.2730934
DM Jones (AUS),48.2150236
IR Bell (ENG),48.150823800000005
AD Mathews (SL),47.420272600000004
JM Anderson (ENG),47.3728396
AB Agarkar (INDIA),46.4541516
JDP Oram (NZ),45.5588218
JG Wright (NZ),45.4743028
WU Tharanga (Asia/SL),44.8173964
MN Samuels (WI),44.7743186
Shakib Al Hasan (BDESH),44.764011399999994
AT Carey (AUS),44.754612599999994
JR Murray (WI),44.70552947920792
P Utseya (ZIM),44.65433447920792
SC Williams (ZIM),44.58526147920792
JO Holder (WI),44.5671008
ME Trescothick (ENG),44.0234424
AP Gurusinha (SL),43.90129727920792
Aamer Sohail (PAK),43.76610747920792
KC Wessels (AUS/SA),43.64482087920791
RP Arnold (SL),42.93904807920792
GJ Bailey (AUS),42.716278200000005
AM Rahane (INDIA),42.691692399999994
A Flintoff (ENG/ICC),41.996387799999994
HH Streak (Afr/ZIM),41.204693679207914
KMDN Kulasekara (SL),41.16804139999999
WB Phillips (AUS),41.0370246
PR Stirling (IRE),41.024177599999994
MDKJ Perera (SL),40.5567552
CEL Ambrose (WI),40.3314666
RR Sarwan (WI),40.30205467920792
DC Boon (AUS),40.27389879999999
CG Greenidge (WI),40.194150679207915
GA Gooch (ENG),40.18104999999999
CR Woakes (ENG),40.112552599999994
BA Stokes (ENG),40.1013312
RC Russell (ENG),39.9846354
CMW Read (ENG),39.84801540000001
CD McMillan (NZ),39.45588620000001
DI Gower (ENG),39.26768260000001
NV Knight (ENG),39.240218000000006
Z Khan (Asia/INDIA),38.601804800000004
RL Powell (WI),38.36791907920792
CS Baugh (WI),38.27974787920791
Saeed Anwar (PAK),37.825143
KD Mills (NZ),37.659638400000006
K Srikkanth (INDIA),37.5751792
V Sibanda (Afr/ZIM),37.522498
CR Ervine (ZIM),37.462346
GP Thorpe (ENG),37.42474107920793
BM McMillan (SA),37.418742879207926
N Dickwella (SL),37.2161798
L Vincent (NZ),36.76107667920792
KR Rutherford (NZ),36.6358452
NL McCullum (NZ),36.5334048
JM Bairstow (ENG),36.2478618
DL Murray (WI),35.966588679207916
TE Blain (NZ),35.9245142
Saqlain Mushtaq (PAK),35.861678999999995
RJ Shastri (INDIA),35.8540074
KP Pietersen (ENG/ICC),35.828719799999995
Sikandar Raza (ZIM),35.7147566
N Hussain (ENG),35.686228799999995
JV Coney (NZ),35.67935447920792
TG Southee (NZ),34.960309200000005
BKG Mendis (SL),34.921273400000004
SV Carlisle (ZIM),34.86085347920792
CH Lloyd (WI),34.829659199999995
VVS Laxman (INDIA),34.809885799999996
D Williams (WI),34.3147392
HDRL Thirimanne (SL),34.0109948
GD McGrath (AUS/ICC),33.4776872
BKV Prasad (INDIA),33.22332047920792
Azhar Mahmood (PAK),33.1743636
DB Vengsarkar (INDIA),33.1358702
S Matsikenyeri (ZIM),33.109496279207924
CL White (AUS),33.06644180000001
AG Cremer (ZIM),33.065827479207925
RG Twose (NZ),33.05150967920792
Najibullah Zadran (AFG),32.993978600000005
Sabbir Rahman (BDESH),32.9742824
Imran Khan (PAK),32.3981862
HH Dippenaar (Afr/SA),32.386430279207914
GJ Whittall (ZIM),32.31411287920792
G Gambhir (INDIA),32.2938282
IT Botham (ENG),32.2573948
GB Hogg (AUS),32.2489804
AN Cook (ENG),32.196337
GH Dockrell (IRE),32.162020879207915
J Botha (Afr/SA),32.14336707920792
Babar Azam (PAK),32.1399796
Abdul Razzaq (Asia/PAK),31.726549999999996
Waqar Younis (PAK),31.7235494
L Klusener (SA),31.4956616
Mohammad Ashraful (Asia/BDESH),31.4734706
MG Johnson (AUS),31.464507199999996
MJ Greatbatch (NZ),31.36788687920792
RS Bopara (ENG),31.3619672
HDPK Dharmasena (SL),30.5193102
DM Bravo (WI),30.455610800000002
PL Taylor (AUS),30.4025454
Nasir Hossain (BDESH),30.3462858
Ramiz Raja (PAK),29.785135279207918
RR Singh (INDIA),29.6455528
N Boje (Afr/SA),29.59929907920792
CJ Chibhabha (ZIM),29.571770479207917
RS Kalpage (SL),29.52918447920792
JM Kemp (Afr/SA),29.52433587920792
NH Fairbrother (ENG),29.50631607920792
PA Patel (INDIA),29.4788498
KM Jadhav (INDIA),29.4656634
Soumya Sarkar (BDESH),29.460366200000003
DSBP Kuruppu (SL),29.199873879207917
J Srinath (INDIA),29.010995599999998
Abdur Razzak (BDESH),28.8190898
MM Ali (ENG),28.6996918
JJ Roy (ENG),28.673440399999997
SL Malinga (SL),28.085595599999994
M Morkel (Afr/SA),27.870853399999998
GR Marsh (AUS),27.861286479207916
AJ Lamb (ENG),27.857749199999997
DR Smith (WI),27.821830799999997
CK Kapugedera (SL),27.803189999999994
AU Rashid (ENG),27.8030738
TA Boult (NZ),27.7864464
RW Chakabva (ZIM),27.42779447920792
WK Lees (NZ),27.375348400000004
Mohammad Rizwan (PAK),27.3088002
M Ntini (ICC/SA),27.0930376
Mushtaq Ahmed (PAK),26.998258
J Garner (WI),26.9664336
R Ashwin (INDIA),26.965857
MA Holding (WI),26.9526864
PA Strang (ZIM),26.91910927920792
DL Houghton (ZIM),26.84257047920792
SMH Kirmani (INDIA),26.628340000000005
RG de Alwis (SL),26.438080000000006
SS Karim (INDIA),26.420992400000006
GJ Hopkins (NZ),26.353975079207924
WW Hinds (WI),26.093235479207916
AJ Hall (SA),26.021349479207917
GP Swann (ENG),26.001622599999997
TM Alderman (AUS),25.974090399999998
Alok Kapali (BDESH),25.97361407920792
DJ Hussey (AUS),25.9730246
Aftab Ahmed (BDESH),25.9679866
BA Young (NZ),25.604949800000004
RW Taylor (ENG),25.581573200000005
PR Downton (ENG),25.466833079207923
AA Donald (SA),25.349019600000002
LMP Simmons (WI),25.2571346
Mohammad Rafique (Asia/BDESH),25.22895867920792
DW Steyn (Afr/SA),25.227285
MA Starc (AUS),25.1895306
RJ Peterson (SA),25.1391948
Ahmed Shehzad (PAK),25.121829
JJ Crowe (NZ),25.10924847920792
MR Marsh (AUS),25.103314000000005
CA Walsh (WI),24.5730698
CRD Fernando (Asia/SL),24.4253442
CJ McDermott (AUS),24.401576
SCJ Broad (ENG),24.3702928
M Prabhakar (INDIA),24.366478479207924
Sir RJ Hadlee (NZ),24.339765999999997
B Kumar (INDIA),24.3157006
KLT Arthurton (WI),24.304825279207922
KJ Hughes (AUS),24.2839948
Wahab Riaz (PAK),24.2690014
AD Hales (ENG),24.2457742
EC Joyce (ENG/IRE),24.2317924
Mohammed Shami (INDIA),24.2312794
MJ Santner (NZ),24.222853
F Behardien (SA),24.191124079207917
GC Dyer (AUS),23.565175479207923
GP Wickramasinghe (SL),23.49338087920792
NW Bracken (AUS),23.477888
R Mutumbami (ZIM),23.464923479207926
JEC Franklin (NZ),23.4629732
MF Maharoof (SL),23.452689799999998
DS Lehmann (AUS),23.446005400000004
Habibul Bashar (BDESH),23.4317678
PAJ DeFreitas (ENG),23.41907327920792
LE Plunkett (ENG),23.397575
CB Wishart (ZIM),23.391464879207923
Imran Nazir (PAK),23.359651879207924
RA Smith (ENG),23.3503082
AG Prince (Afr/SA),23.298004479207925
D Gough (ENG/ICC),22.671315399999997
DC Thomas (WI),22.662354279207918
Saeed Ajmal (PAK),22.551353799999998
Imran Tahir (SA),22.542300599999997
PR Reiffel (AUS),22.517687079207917
MP Vaughan (ENG),22.5117686
JR Hopes (AUS),22.4883648
DJ Nash (NZ),22.487723
DT Johnston (IRE),22.451802279207918
DW Randall (ENG),22.411209879207917
Liton Das (BDESH),22.244321200000005
Aaqib Javed (PAK),21.802817879207918
Asghar Afghan (AFG),21.6516688
NM Hauritz (AUS),21.5517838
Wasim Raja (PAK),21.54334147920792
SW Poynter (IRE),21.29946867920793
PJ Moor (ZIM),21.118699479207926
LK Germon (NZ),20.872858079207926
GR Larsen (NZ),20.83188747920792
SL Campbell (WI),20.7748372
Junaid Siddique (BDESH),20.755655
M Amarnath (INDIA),20.747264879207915
AH Jones (NZ),20.745478399999996
DD Ebrahim (ZIM),20.735312879207918
PL Symcox (SA),20.731709279207916
GS Chappell (AUS),20.715048199999995
SV Manjrekar (INDIA),20.709567799999995
A Balbirnie (IRE),20.704005279207923
JDS Neesham (NZ),20.701363999999995
DN Patel (NZ),20.686177399999995
GRJ Matthews (AUS),20.68320967920792
S Lee (AUS),20.651631799999997
TJ Zoehrer (AUS),20.618214079207927
SM Gavaskar (INDIA),19.891294000000006
MW Gatting (ENG),19.884210879207924
SP O'Donnell (AUS),19.87219887920792
K Rabada (SA),19.8532356
MN Waller (ZIM),19.850282800000002
SE Marsh (AUS),19.846563000000003
RGD Willis (ENG),19.843038600000003
AF Giles (ENG),19.827326600000006
UT Yadav (INDIA),19.826684600000004
Rashid Khan (AFG),19.802764400000004
HH Pandya (INDIA),19.7909328
C Munro (NZ),19.787895600000002
DJ Willey (ENG),19.779012
RR Rossouw (SA),19.744038679207925
J Charles (WI),19.743363000000002
PA Nixon (ENG),19.683346
Afsar Zazai (AFG),19.643317079207918
BJ Watling (NZ),19.118828399999998
Mudassar Nazar (PAK),19.07514187920792
IK Pathan (INDIA),19.072316
Abdul Qadir (PAK),19.02359347920792
TM Moody (AUS),18.9972928
A Nel (SA),18.986535999999997
KAJ Roach (WI),18.9811504
Samiullah Shinwari (AFG),18.968545
JP Faulkner (AUS),18.957869000000002
OA Shah (ENG),18.957745
Imrul Kayes (BDESH),18.9499834
ND McKenzie (SA),18.933057279207922
AR Whittall (ZIM),18.93068427920792
AR White (IRE),18.927771399999997
Manzoor Elahi (PAK),18.91092127920792
D Mongia (INDIA),18.90987
Fakhar Zaman (PAK),18.8877796
AF Milne (NZ),18.87325947920792
SS Dighe (INDIA),18.793297879207923
V Dahiya (INDIA),18.783378479207922
Shoaib Akhtar (Asia/ICC/PAK),18.300964999999998
NS Sidhu (INDIA),18.2511728
M Dillon (WI),18.179847799999994
Rubel Hossain (BDESH),18.140883199999994
DR Tuffey (NZ),18.12513247920792
JE Taylor (WI),18.1222982
TT Bresnan (ENG),18.104397799999997
GB Brent (ZIM),18.078001399999994
Salman Butt (PAK),18.072522799999994
MW Goodwin (ZIM),18.062413999999997
CC Lewis (ENG),18.039136999999997
LPC Silva (SL),18.0382528
RS Morton (WI),18.035257879207922
DM de Silva (SL),17.994148399999997
DN Crookes (SA),17.977528679207918
Zulqarnain (PAK),17.811877279207923
LJ Tucker (IRE),17.59714827920792
RV Uthappa (INDIA),17.497770199999998
EJ Chatfield (NZ),17.293938279207918
DK Morrison (NZ),17.265825599999996
MC Snedden (NZ),17.241906679207922
RAS Lakmal (SL),17.2341532
I Sharma (INDIA),17.232382
Mohammad Sami (PAK),17.216049599999998
BL Cairns (NZ),17.20761747920792
Rahmat Shah (AFG),17.195651079207916
SB Joshi (INDIA),17.18612607920792
AJ Bichel (AUS),17.183206799999997
JE Emburey (ENG),17.1796266
JF Mooney (IRE),17.17175547920792
Naeem Islam (BDESH),17.16459387920792
XJ Doherty (AUS),17.160444
JM How (NZ),17.1574318
NC Johnson (ZIM),17.1556896
CK Coventry (ZIM),17.147733479207922
JG Bracewell (NZ),17.147093279207922
Nawroz Mangal (AFG),17.14176027920792
SMSM Senanayake (SL),17.141225600000002
Akram Raza (PAK),17.140635879207917
AR McBrine (IRE),17.13512927920792
SS Cottrell (WI),17.118845
CJ Jordan (ENG),17.10255
S Viswanath (INDIA),16.8942038
JP Maher (AUS),16.8619484
DL Bairstow (ENG),16.84108
SAR Silva (SL),16.786399799999998
Ashraf Ali (PAK),16.78035
WP Saha (INDIA),16.702200000000005
SO Hetmyer (WI),16.4913504
A Nehra (Asia/INDIA),16.453793799999996
AC Hudson (SA),16.35898147920792
GF Lawson (AUS),16.333822279207915
Asif Mujtaba (PAK),16.30558047920792
H Klaasen (SA),16.3039256
HJH Marshall (NZ),16.30312767920792
SA Thomson (NZ),16.299292599999994
RS Madugalle (SL),16.295559679207916
DP Viljoen (ZIM),16.290828399999995
SC Williams (WI),16.29011967920792
PG Fulton (NZ),16.287810999999998
S Madan Lal (INDIA),16.282994799999994
Maninder Singh (INDIA),16.281130599999994
AR Cusack (IRE),16.275159679207917
MA Vermeulen (ZIM),16.2686778
LJ Wright (ENG),16.265727999999996
Raqibul Hasan (BDESH),16.264462599999998
NO Miller (WI),16.261458
HM Nicholls (NZ),16.258377079207918
CJ Richards (ENG),15.78022
DA Murray (WI),15.72393207920792
CJ Nevin (NZ),15.71512807920792
Umar Gul (PAK),15.593163800000003
MS Sinclair (NZ),15.521616400000003
RW Price (ZIM),15.510417479207923
WB Rankin (ENG/IRE),15.479902400000002
GD Elliott (NZ),15.479889800000002
GM Wood (AUS),15.459485000000003
IJ Harvey (AUS),15.422897000000003
Khaled Mahmud (BDESH),15.418082000000002
YK Pathan (INDIA),15.413287
JJ Bumrah (INDIA),15.409737200000004
MJ Henry (NZ),15.401991200000001
TJ Friend (ZIM),15.397749800000003
E Lewis (WI),15.396230600000003
AT Rayudu (INDIA),15.379812800000003
TT Samaraweera (SL),15.378745400000003
Haris Sohail (PAK),15.360172400000003
CS Pandit (INDIA),15.294943079207924
IJ Gould (ENG),14.876045079207922
APE Knott (ENG),14.8003506
SW Billings (ENG),14.758336600000003
WKM Benjamin (WI),14.589231679207922
Naved-ul-Hasan (PAK),14.578427400000002
Dawlat Zadran (AFG),14.572470000000003
PJ Cummins (AUS),14.567737200000002
GP Howarth (NZ),14.552639079207923
Zaheer Abbas (PAK),14.539451679207923
TJ Murtagh (IRE),14.534787999999999
RL Dias (SL),14.525199879207923
VS Solanki (ENG),14.510757000000002
GJ Rennie (ZIM),14.482104879207922
N Chopra (INDIA),14.470705200000003
CWJ Athey (ENG),14.458136600000001
BJ Hodge (AUS),14.441064000000003
MSK Prasad (INDIA),14.039113079207922
EB McSweeney (NZ),13.908141879207921
MD Marshall (WI),13.8305602
BAW Mendis (SL),13.738774600000003
VG Kambli (INDIA),13.734112399999999
PS de Villiers (SA),13.715449600000001
SE Bond (NZ),13.712465200000002
ST Finn (ENG),13.699939000000002
Sohail Tanvir (PAK),13.680686800000002
JR Hazlewood (AUS),13.656747400000002
MA Atherton (ENG),13.647740800000001
JA Morkel (Afr/SA),13.643462200000002
DT Hondo (ZIM),13.635300199999998
AR Nurse (WI),13.633959879207922
CM Spearman (NZ),13.6328762
JD Ryder (NZ),13.628632600000001
BC Strang (ZIM),13.626169279207922
Basit Ali (PAK),13.626081679207921
Noor Ali Zadran (AFG),13.624909879207921
YS Chahal (INDIA),13.611178000000002
AR Patel (INDIA),13.5963382
JL Ontong (Afr/SA),13.572358879207922
PSP Handscomb (AUS),13.0948506
JS Foster (ENG),13.0664158
BN French (ENG),12.948888
Anil Dalpat (PAK),12.913894679207921
KJ Wadsworth (NZ),12.913823879207921
R Rampaul (WI),12.846898880000003
DW Fleming (AUS),12.841600479207921
HA Gomes (WI),12.83080767920792
AC Cummins (CAN/WI),12.827253200000003
JR Ratnayeke (SL),12.815859479207925
LRD Mendis (SL),12.797211800000003
IJL Trott (ENG),12.793093400000004
SP Narine (WI),12.788820800000003
Imran Farhat (PAK),12.770949879207922
HMRKB Herath (SL),12.769671200000003
Yasir Hameed (PAK),12.769020479207922
KOA Powell (WI),12.753515000000004
Asad Shafiq (PAK),12.745742000000003
JC Tredwell (ENG),12.734946800000003
C de Grandhomme (NZ),12.733256600000002
EAE Baptiste (WI),12.731901479207924
Mansoor Akhtar (PAK),12.724822079207923
Aamer Malik (PAK),12.723231679207922
R Powell (WI),12.700954400000002
A Dananjaya (SL),12.694239800000002
HH Kanitkar (INDIA),12.663858800000003
KL Rahul (INDIA),12.3008946
V Yadav (INDIA),12.1186498
DNT Zoysa (SL),11.995949400000002
Shahriar Nafees (BDESH),11.926338600000001
Mohsin Khan (PAK),11.922797400000002
Shoaib Mohammad (PAK),11.904905400000002
DBL Powell (WI),11.898912600000003
DA Gunawardene (SL),11.896377879207924
R McLaren (SA),11.894862400000001
RP Singh (INDIA),11.8881796
ALF de Mel (SL),11.886757479207922
MS Kasprowicz (AUS),11.875591800000002
BMAJ Mendis (SL),11.875569600000002
AL Phehlukwayo (SA),11.873633400000001
HK Olonga (ZIM),11.873559879207923
Nasir Jamshed (PAK),11.862389400000001
SM Katich (AUS),11.8582312
GM Turner (NZ),11.856962679207923
DS Smith (WI),11.8545314
HK Badani (INDIA),11.847263079207924
Aminul Islam (BDESH),11.843711679207923
UT Khawaja (AUS),11.841381000000002
AJ Hollioake (ENG),11.835867479207922
Mehidy Hasan Miraz (BDESH),11.826978800000001
JS Patel (NZ),11.82166
Mosaddek Hossain (BDESH),11.819286000000002
Farhad Reza (BDESH),11.817610800000002
RR Hendricks (SA),11.7895184
IR Bishop (WI),11.098285999999998
A Ratra (INDIA),11.081911679207922
CD Collymore (WI),11.072904079207921
RMH Binny (INDIA),11.0430112
WD Parnell (SA),11.036489200000002
Gulbadin Naib (AFG),11.031813799999998
BA Edgar (NZ),11.022503479207922
Mustafizur Rahman (BDESH),11.010041800000002
NA Foster (ENG),11.008300000000002
Imad Wasim (PAK),11.0066378
SG Law (AUS),11.004673000000002
Javed Omar (BDESH),11.002121800000003
MA Wood (ENG),10.998683200000002
C White (ENG),10.998223999999999
CN Evans (ZIM),10.996332079207923
MJ Horne (NZ),10.989115279207923
DE Bollinger (AUS),10.9868984
DA Marillier (ZIM),10.986702079207923
Hasan Ali (PAK),10.984954000000002
SF Mire (ZIM),10.98492467920792
MP Stoinis (AUS),10.983762800000001
J Mubarak (SL),10.979020000000002
JA Rennie (ZIM),10.977038479207923
MD Gunathilaka (SL),10.968944200000003
TM Head (AUS),10.9676506
KM Dabengwa (ZIM),10.960336879207922
PK Amre (INDIA),10.959193879207922
XM Marshall (USA/WI),10.959129679207923
J Dyson (AUS),10.94173647920792
AK Markram (SA),10.939573200000002
CA Ingram (SA),10.937732200000003
JWM Dalrymple (ENG),10.936450879207923
KSC de Silva (SL),10.935776800000003
JM Brearley (ENG),10.928767600000002
DA Reeve (ENG),10.9260678
T Maruma (ZIM),10.92295467920792
Shafiqullah (AFG),10.796099800000002
Mohammad Irfan (PAK),10.199813600000002
CB Mpofu (ZIM),10.19378307920792
MM Patel (INDIA),10.175190800000003
RJ Ratnayake (SL),10.163156279207923
CK Langeveldt (SA),10.159664400000002
P Kumar (INDIA),10.153048400000003
CPH Ramanayake (SL),10.141544279207924
AD Russell (WI),10.1387028
EA Brandes (ZIM),10.133760879207921
KM Jarvis (ZIM),10.128591200000002
AM Blignaut (ZIM),10.124804879207923
DR Pringle (ENG),10.124311400000003
A Zampa (AUS),10.119553200000002
CR Brathwaite (WI),10.1136564
CJ Anderson (NZ),10.108041479207923
RDB Croft (ENG),10.1051844
SM Patil (INDIA),10.103367800000004
JA Rudolph (Afr/SA),10.097746400000004
PN Kirsten (SA),10.093666079207924
Javed Ahmadi (AFG),10.093172679207921
MR Whitney (AUS),10.090655800000002
AC Botha (IRE),10.088888279207923
SB O'Connor (NZ),10.086472679207924
RL Chase (WI),10.085507600000003
Tahir Naqqash (PAK),10.084201079207924
DW Hookes (AUS),10.084040279207922
JM Parker (NZ),10.082429879207924
D Ganga (WI),10.076914679207924
PA Wallace (WI),10.069738679207925
BA Murphy (ZIM),10.067381279207925
RT Latham (NZ),10.065046400000004
L Balaji (INDIA),10.063769600000002
R Clarke (ENG),10.062190000000003
Sanwar Hossain (BDESH),10.057556279207924
AC Dale (AUS),10.0525476
RJ Nicol (NZ),10.052075000000002
TK Musakanda (ZIM),10.029401879207924
MN van Wyk (SA),9.925945679207922
Anamul Haque (BDESH),9.688328000000002
JN Gillespie (AUS),9.378827199999998
Tauseef Ahmed (PAK),9.27676507920792
SJ Harmison (ENG),9.2745184
CR Matthews (SA),9.270267
DK Lillee (AUS),9.2683746
Iftikhar Anjum (PAK),9.26103287920792
Arshad Khan (PAK),9.2390208
SB Doull (NZ),9.23553
SR Clark (AUS),9.231931200000002
BC Broad (ENG),9.230901399999999
Saleem Elahi (PAK),9.230543079207921
SD Anurasiri (SL),9.222245079207923
DS Mohanty (INDIA),9.219803679207923
Shabbir Ahmed (PAK),9.217005000000002
LH Ferguson (NZ),9.2098366
AC Waller (ZIM),9.208132800000001
M Kartik (INDIA),9.206211999999997
RK Chauhan (INDIA),9.19540267920792
DAS Gunaratne (SL),9.192363
R Lamba (INDIA),9.191770279207919
Fawad Alam (PAK),9.191717400000002
FDM Karunaratne (SL),9.1906696
Amir Hamza (AFG),9.189989079207923
BJ McCarthy (IRE),9.188505279207922
SFAF Bacchus (WI),9.186328479207921
MH Yardy (ENG),9.1839522
BW Hilfenhaus (AUS),9.18354
KD Walters (AUS),9.18201347920792
Yashpal Sharma (INDIA),9.180983799999998
TG Hogan (AUS),9.1747596
SKL de Silva (SL),9.174217800000001
LM Jongwe (ZIM),9.16765547920792
DT Christian (AUS),9.162735600000001
KMA Paul (WI),9.160170279207922
Ihsanullah (AFG),9.15356207920792
Simi Singh (IRE),9.1504998
PB Dassanayake (SL),9.137899079207921
Dhiman Ghosh (BDESH),9.134468679207922
SJ Rhodes (ENG),9.0639328
P Mustard (ENG),9.05826
SJ Rixon (AUS),9.053911879207924
RD McCann (IRE),9.0238602
F Mutizwa (ZIM),8.997181879207922
SJ Palframan (SA),8.99228307920792
CAK Walton (WI),8.782478679207921
T Panyangara (ZIM),8.391394879207922
AR Caddick (ENG),8.389864600000001
LL Tsotsobe (SA),8.3855818
MA Ealham (ENG),8.383224799999997
W Watson (NZ),8.381382479207918
SJ Benn (WI),8.380456999999998
BP Patterson (WI),8.37537347920792
CH Morris (SA),8.358246199999998
JR Thomson (AUS),8.35565287920792
GM Ritchie (AUS),8.342375479207922
Rajin Saleh (BDESH),8.338800679207921
MJ Slater (AUS),8.336322079207921
T Mupariwa (ZIM),8.33102207920792
NT Broom (NZ),8.330458279207921
Hashmatullah Shahidi (AFG),8.328791599999999
S Elworthy (SA),8.32851507920792
AS Joseph (WI),8.3234722
N Deonarine (WI),8.311386079207923
Sohaib Maqsood (PAK),8.3109304
HMCM Bandara (SL),8.30817927920792
Mohammad Wasim (PAK),8.298177679207921
HE van der Dussen (SA),8.293065400000001
M Vijay (INDIA),8.2840672
AD Poynter (IRE),8.280462079207922
RS Sodhi (INDIA),8.279232079207922
Sohrawordi Shuvo (BDESH),8.278079479207921
NC McGarrell (WI),8.278079479207921
Taufeeq Umar (PAK),8.277375799999998
PP Chawla (INDIA),8.2753782
SI de Saram (SL),8.27200507920792
CM Kuggeleijn (NZ),8.2643656
Mohammad Salman (PAK),8.095048879207921
KJ Wright (AUS),8.047159600000002
SM Davies (ENG),8.030399800000001
RR Pant (INDIA),7.734179800000001
Hannan Sarkar (BDESH),7.568952079207922
Junaid Khan (PAK),7.546021200000001
RM Hogg (AUS),7.521941079207922
MRJ Veletta (AUS),7.5148598
N Pooran (WI),7.513858000000001
Mohammad Amir (PAK),7.513568600000001
Syed Rasel (BDESH),7.503377
AD Mullally (ENG),7.502847800000001
Sarfraz Nawaz (PAK),7.4950764
Shafiul Islam (BDESH),7.4866226000000005
RIC Holder (WI),7.4860408000000005
SLV Raju (INDIA),7.481247879207921
Tapash Baisya (BDESH),7.478870400000002
Azhar Ali (PAK),7.470505800000001
NAM McLean (WI),7.466123879207921
Mirwais Ashraf (AFG),7.4661220792079215
SW Tait (AUS),7.4639192
Akram Khan (BDESH),7.463108600000001
GF Labrooy (SL),7.462120479207922
AR Adams (NZ),7.455983600000001
Shadab Khan (PAK),7.4543034000000015
CM Old (ENG),7.450707800000001
EC Rainsford (ZIM),7.450699079207922
ID Blackwell (ENG),7.4501714
BP Julian (AUS),7.4466584000000005
L Ngidi (SA),7.442371400000001
Manjural Islam (BDESH),7.438553079207922
IS Sodhi (NZ),7.4374166000000015
KR Pushpakumara (SL),7.431809479207921
PT Collins (WI),7.429042679207922
IG Butler (NZ),7.428572
VJ Marks (ENG),7.426140600000001
MG Burgess (NZ),7.420676279207922
RK Illingworth (ENG),7.417180679207921
W Larkins (ENG),7.413663000000001
SB Smith (AUS),7.413606000000001
MJR Rindel (SA),7.409954879207922
Mohammad Akram (PAK),7.408227800000001
TM Chappell (AUS),7.406382479207922
SR Thompson (IRE),7.402064679207922
AI Kallicharran (WI),7.3997726
DM Wellham (AUS),7.398127079207922
RP Burl (ZIM),7.397609
SS Iyer (INDIA),7.3940264
MR Ramprakash (ENG),7.3939934
LR Williams (WI),7.393431479207921
PADLR Sandakan (SL),7.3913498
Enamul Haque jnr (BDESH),7.38773
GS Ballance (ENG),7.374899600000001
DR Parry (WI),7.372211879207922
TL Seifert (NZ),7.094811279207922
PD McGlashan (NZ),7.065062079207921
Jahurul Islam (BDESH),6.8436
CJ McKay (AUS),6.642645800000001
C Pringle (NZ),6.631334479207922
C Sharma (INDIA),6.610413400000001
GC Small (ENG),6.6025458000000015
S Sreesanth (INDIA),6.600844600000001
Kuldeep Yadav (INDIA),6.597245800000001
Imam-ul-Haq (PAK),6.583416400000002
RP Snell (SA),6.579805879207922
NM Coulter-Nile (AUS),6.573930400000002
SHT Kandamby (SL),6.569482479207922
AC Voges (AUS),6.564911400000001
Taskin Ahmed (BDESH),6.563680600000001
S Prasanna (SL),6.561896800000001
S Randiv (SL),6.561399400000002
AW Greig (ENG),6.5589998000000005
GS Blewett (AUS),6.557610600000001
D Bishoo (WI),6.555310600000001
JL Carter (WI),6.555042879207923
KW Richardson (AUS),6.5546880000000005
CJ Tavare (ENG),6.554104200000001
Abdur Rehman (PAK),6.552788079207922
SR Patel (ENG),6.550449600000001
NM Lyon (AUS),6.548155800000002
Al Sahariar (BDESH),6.547856679207922
Naimur Rahman (BDESH),6.547856679207922
AIC Dodemaide (AUS),6.547486800000001
CJ Ferguson (AUS),6.5462532000000015
RN Lewis (WI),6.545070679207922
KJ Abbott (SA),6.544478679207922
Mohammad Mithun (BDESH),6.536726400000001
SR Gillespie (NZ),6.535763400000001
SW Masakadza (ZIM),6.534360200000001
SK Sharma (INDIA),6.533694279207922
KBJ Azad (INDIA),6.533174400000001
MK Pandey (INDIA),6.526094200000002
Sohag Gazi (BDESH),6.525981000000002
PP Ojha (INDIA),6.524865800000001
J Nyumbu (ZIM),6.5242928792079224
AG Huckle (ZIM),6.5241506792079225
DE Bernard (WI),6.523582879207923
CS Martin (NZ),6.523582879207923
JWA Taylor (ENG),6.522755000000001
B Muzarabani (ZIM),6.522024879207922
Mehrab Hossain jnr (BDESH),6.521244679207922
JL Denly (ENG),6.519637200000001
L Sivaramakrishnan (INDIA),6.517624079207922
CT Mutombodzi (ZIM),6.512512079207921
NG Jones (IRE),6.5120120792079215
PR Adams (SA),6.511585800000001
MN Hart (NZ),6.509784879207922
V Shankar (INDIA),6.509649400000002
SMA Priyanjan (SL),6.508653400000002
BG Rogers (ZIM),6.507379600000001
VJ Wells (ENG),6.501478079207922
Asif Iqbal (PAK),6.490860000000001
WR James (ZIM),5.872839079207921
BA Reid (AUS),5.7845494
TRO Payne (WI),5.781426279207921
TL Chatara (ZIM),5.769526079207922
IDR Bradshaw (WI),5.7503764792079215
AME Roberts (WI),5.747420000000001
CG Rackemann (AUS),5.7390248
ML Nkala (ZIM),5.7192550792079215
JP Bray (IRE),5.71835207920792
N Pradeep (SL),5.713814800000001
MG Hughes (AUS),5.700138800000001
Tushar Imran (BDESH),5.6974996792079216
RC Irani (ENG),5.694179000000001
Mujeeb Ur Rahman (AFG),5.693504000000002
FA Rose (WI),5.690017400000001
Nazmul Hossain (BDESH),5.688627200000001
DG Cork (ENG),5.688050200000001
MR Gillespie (NZ),5.6856442000000005
UC Hathurusingha (SL),5.6844856792079215
PH Edmonds (ENG),5.680843600000001
LS Pascoe (AUS),5.680298600000001
RJ Sidebottom (ENG),5.67971
Enamul Haque (BDESH),5.675823600000001
DJ Callaghan (SA),5.669352679207921
AH Omarshah (ZIM),5.667140479207921
Hasibul Hossain (BDESH),5.665412200000001
DL Underwood (ENG),5.662221079207922
Manjural Islam Rana (BDESH),5.6621560792079215
RT Robinson (ENG),5.662095679207922
Aftab Alam (AFG),5.6599636
TAM Siriwardana (SL),5.659394800000001
BC Hollioake (ENG),5.658936800000001
Karim Sadiq (AFG),5.658646279207921
VD Philander (SA),5.657494600000001
DJ Capel (ENG),5.657476000000001
MV Nagamootoo (WI),5.6568706792079215
Sharjeel Khan (PAK),5.6564072
EO Simons (SA),5.655868079207922
AK Sharma (INDIA),5.6556658
JK Lever (ENG),5.655203200000001
NB Mahwire (ZIM),5.654868079207922
JFM Morrison (NZ),5.6546998
MHN Walker (AUS),5.653444400000001
D Pretorius (SA),5.653350400000001
R Vinay Kumar (INDIA),5.653282000000001
RJ Harris (AUS),5.652270800000001
MM Sharma (INDIA),5.6486204
AJ Pycroft (ZIM),5.648592079207922
Mehrab Hossain (BDESH),5.643511879207921
CL King (WI),5.642688479207921
AC Agar (AUS),5.642576600000001
WM Darling (AUS),5.641365879207921
S Chattergoon (WI),5.640898279207922
TS Chisoro (ZIM),5.640823279207921
Umar Amin (PAK),5.640745000000001
WIA Fernando (SL),5.6402662
DK Liyanage (SL),5.638336879207921
DG Brownlie (NZ),5.637862079207922
EAR de Silva (SL),5.637228400000001
Yasir Shah (PAK),5.636584
AD Brown (ENG),5.634250000000001
B Wood (ENG),5.633733400000001
AD Gaekwad (INDIA),5.633468879207921
TP Kamungozi (ZIM),5.6333688792079215
FA Allen (WI),5.631388279207922
CD Cumming (NZ),5.630988679207921
VA Holder (WI),5.628445079207922
Harvinder Singh (INDIA),5.627858000000001
Mushfiqur Rahman (BDESH),5.6277284000000005
Shabir Noori (AFG),5.625414679207921
JJ Martin (INDIA),5.625122079207921
T Duffin (ZIM),5.619206000000001
Y Venugopal Rao (INDIA),5.612024800000001
ELR Stewart (SA),5.146711879207921
GA Manou (AUS),5.1416496
ADS Fletcher (WI),5.0603916
PJ Hughes (AUS),4.9267198
GN Edwards (NZ),4.900261879207922
CE Cuffy (WI),4.8598122
ARC Fraser (ENG),4.850817
Shahadat Hossain (BDESH),4.8490530000000005
Hamid Hassan (AFG),4.835181
MAR Samarasekera (SL),4.831743200000001
Mohammad Asif (Asia/PAK),4.831595
VB John (SL),4.8310518
Shapoor Zadran (AFG),4.8286734000000004
SM Ervine (ZIM),4.8274314
JW Hastings (AUS),4.8213404
JF Reid (NZ),4.8143298
SP Davis (AUS),4.8141740792079215
VC Drakes (WI),4.804641279207921
DS de Silva (SL),4.8045726
G Boycott (ENG),4.803785199999999
Arshad Ayub (INDIA),4.798625679207921
A Mishra (INDIA),4.796289
MJ Hoggard (ENG),4.795753200000001
GI Allott (NZ),4.795058679207921
JT Ball (ENG),4.795050399999999
M Hendrick (ENG),4.793944800000001
EE Hemmings (ENG),4.7933406000000005
NG Cowans (ENG),4.7927502
JW Dernbach (ENG),4.7885246
GN Yallop (AUS),4.7865608
DH Brain (ZIM),4.7823302000000005
TK Curran (ENG),4.7819958
PKD Chase (IRE),4.778636879207921
CA Best (WI),4.7763622792079214
BM Laird (AUS),4.7758922792079215
MH Dekker (ZIM),4.775742279207921
D Langford-Smith (IRE),4.771814879207921
KS Lokuarachchi (SL),4.771104879207921
BS Sandhu (INDIA),4.771074879207921
AN Petersen (SA),4.771046679207921
Sadiq Mohammad (PAK),4.769369879207921
I Udana (SL),4.766366
WW Daniel (WI),4.763937879207921
Sharafuddin Ashraf (AFG),4.76365447920792
Faheem Ashraf (PAK),4.762836000000001
JC Archer (ENG),4.7623164000000004
JM Vince (ENG),4.7622272
IM Chappell (AUS),4.7617202
WS Jayantha (SL),4.761588279207921
BR Hartland (NZ),4.7591492792079215
RMS Eranga (SL),4.7580386
Mohammad Nawaz (3) (PAK),4.757411879207921
PWH de Silva (SL),4.757111879207921
Wajahatullah Wasti (PAK),4.756745079207921
Shahriar Hossain (BDESH),4.75335
Ziaur Rahman (BDESH),4.753240479207921
Mohammad Hussain (PAK),4.752685079207921
T Shamsi (SA),4.7519192
B Warnapura (SL),4.750561679207921
RJ Kirtley (ENG),4.7499150000000006
SL Boock (NZ),4.7490804
RS Higgins (ZIM),4.748524479207921
BGK Walker (NZ),4.747684479207921
MD Moxon (ENG),4.746875
GH Worker (NZ),4.74588307920792
AFG Griffith (WI),4.743644879207921
RO Hurley (WI),4.743244679207921
SE Findlay (WI),4.743145079207921
DM Richards (WI),4.7429749999999995
RC Haynes (WI),4.740886679207921
Asif Ali (PAK),4.7406264
RD Brown (ZIM),4.738140479207921
TE Jesty (ENG),4.7339
JN Snape (ENG),4.7312996
Arafat Sunny (BDESH),4.7202672
RS Gavaskar (INDIA),4.7181223999999995
SC Khanna (INDIA),4.3190448792079215
Humayun Farhat (PAK),4.278452079207921
AM de Silva (SL),4.251200000000001
HAPW Jayawardene (SL),4.217411879207922
N Pothas (SA),4.2169996
RJ Campbell (AUS),4.2049
G Fowler (ENG),4.133334279207921
MJ McClenaghan (NZ),3.9637972
RD King (WI),3.963088279207921
GR Dilley (ENG),3.9517704
T Thushara (SL),3.933174679207921
R Telemachus (SA),3.9331368792079213
FH Edwards (WI),3.9320572000000005
WK McCallan (IRE),3.930796879207921
A Kuruvilla (INDIA),3.9291460000000002
DT Tiripano (ZIM),3.9247726000000007
Qasim Umar (PAK),3.914011879207921
G Miller (ENG),3.9139758000000002
DR Brown (ENG/SCOT),3.9134500000000005
CT Tremlett (ENG),3.9129796000000003
P Willey (ENG),3.9104914
Sikander Bakht (PAK),3.9068208792079213
KCG Benjamin (WI),3.9049448792079207
A McGrath (ENG),3.903441
BA Williams (AUS),3.9025296
BV Vitori (ZIM),3.901996879207921
MJ Mason (NZ),3.9019878792079212
WP Masakadza (ZIM),3.901641
PVD Chameera (SL),3.8997370000000005
KWR Fletcher (ENG),3.8973156792079213
AD Mascarenhas (ENG),3.8966532000000003
MR Adair (IRE),3.8939242000000003
NO Perry (WI),3.893506079207921
PCR Tufnell (ENG),3.892986
AM Phangiso (SA),3.892476079207921
M Hayward (SA),3.892425679207921
ASA Perera (SL),3.890649879207921
DR Flynn (NZ),3.8900952792079213
IP Butchart (ZIM),3.889932079207921
TL Best (WI),3.8889418
Anwar Ali (PAK),3.8888418000000002
Mohsin Kamal (PAK),3.887658079207921
JTC Vaughan (NZ),3.885345079207921
PJ Forrest (AUS),3.8841796000000004
Shahid Nazir (PAK),3.882970879207921
Hammad Azam (PAK),3.8807178
M van Jaarsveld (SA),3.8802604000000005
MC Henriques (AUS),3.8787678000000003
Nasir Jamal (AFG),3.878621679207921
HR Bryan (WI),3.8781966792079214
RE van der Merwe (NL/SA),3.878091679207921
ST Clarke (WI),3.8777110000000006
SB Bangar (INDIA),3.8759022
S Venkataraghavan (INDIA),3.8750596000000006
SS Pathirana (SL),3.8740932000000003
BR Blair (NZ),3.873896079207921
AM Bacher (SA),3.873896079207921
SC Joseph (WI),3.873436279207921
PA Hitchcock (NZ),3.8733462792079214
BD Julien (WI),3.872251879207921
V Rathour (INDIA),3.8721426
Mominul Haque (BDESH),3.8720770000000004
GM Strydom (ZIM),3.871911879207921
A Shahzad (ENG),3.8715678000000002
AC Bedade (INDIA),3.8710368792079213
AO Malhotra (INDIA),3.8710198000000005
BF Hastings (NZ),3.869329479207921
MP Maynard (ENG),3.8686342000000007
JA Richardson (AUS),3.8681842000000004
R Vijay Bharadwaj (INDIA),3.867508879207921
RK Kleinveldt (SA),3.867002079207921
RL Sanghvi (INDIA),3.866852079207921
PWA Mulder (SA),3.866777079207921
PWE Rawson (ZIM),3.866552079207921
RD Jackman (ENG),3.8661448000000003
Tareq Aziz (BDESH),3.8660520792079214
MK Tiwary (INDIA),3.8642030000000003
RM West (IRE),3.863903479207921
AA Mallett (AUS),3.863878279207921
GJ Batty (ENG),3.8637900000000003
GJ Cosier (AUS),3.862262079207921
RH Vance (NZ),3.862211679207921
GAHM Parkar (INDIA),3.862112079207921
TR Gripper (ZIM),3.862010079207921
RB Kanhai (WI),3.859254679207921
GD Campbell (AUS),3.8591176000000003
J Arun Lal (INDIA),3.8582842000000004
KED Carroll (IRE),3.8580116792079213
MF Kent (AUS),3.855191679207921
JW Wilson (NZ),3.8544996000000005
V Razdan (INDIA),3.851511879207921
GD Barlow (ENG),3.8508996000000004
RC Fredericks (WI),3.8477398000000003
D Elgar (SA),3.8466600000000004
RB Simpson (AUS),3.8447999999999998
BS Bedi (INDIA),3.84254
PC de Silva (SL),3.8354226000000002
T Bavuma (SA),3.82098
Ikram Alikhil (AFG),3.330939079207921
FM Engineer (INDIA),3.2547920792079212
Atiq-uz-Zaman (PAK),3.250711879207921
RD Robinson (AUS),3.2504120792079205
R Murray (ZIM),3.22406
PN Webb (NZ),3.221872079207921
PA Emery (AUS),3.216212079207921
TR Ambrose (ENG),3.2012600000000004
Adnan Akmal (PAK),3.1920596000000003
BB Chari (ZIM),3.101252079207921
TBA May (AUS),3.0765672792079206
Saleem Jaffar (PAK),3.0581428792079213
AH Gray (WI),3.0528422
S Wettimuny (SL),3.047396279207921
M Mbangwa (ZIM),3.032873879207921
MS Panesar (ENG),3.0318116
JN Mohammed (WI),3.029478479207921
AJ Traicos (ZIM),3.028378679207921
HK Bennett (NZ),3.0270608
KIW Wijegunawardene (SL),3.0257662792079207
RJW Topley (ENG),3.0248630000000003
RB Reid (NZ),3.0238598000000003
AP Kuiper (SA),3.0233836792079214
DW Headley (ENG),3.0206180000000002
AJ McKay (NZ),3.0204938
S Ramesh (INDIA),3.0198184792079212
MD Shanaka (SL),3.0197816000000004
Majid Khan (PAK),3.0197752792079213
RAP Nissanka (SL),3.0186100792079213
DM Benkenstein (SA),3.0185956792079214
PW Gunaratne (SL),3.0184900792079215
Sohail Khan (PAK),3.0152378000000004
Mohammad Saifuddin (BDESH),3.0126734
OD Gibson (WI),3.0121700000000002
Rashid Khan (PAK),3.0120302000000003
JP Behrendorff (AUS),3.0105200000000005
SM Boland (AUS),3.0103784
DAJ Bracewell (NZ),3.010269479207921
KC Brathwaite (WI),3.00788
JL Pattinson (AUS),3.0074198000000005
Faisal Iqbal (PAK),3.006631679207921
TCB Fernando (SL),3.004692679207921
RR Powar (INDIA),3.0018350000000003
Hazratullah Zazai (AFG),3.0018200000000004
DR Doshi (INDIA),3.000832079207921
Usman Ghani (AFG),3.0006316792079213
Azeem Hafeez (PAK),3.0004320792079207
AM Ellis (NZ),3.000192079207921
K Weeraratne (SL),2.999417279207921
Iqbal Qasim (PAK),2.999332079207921
LE Bosman (Afr/SA),2.997603679207921
DR Gilbert (AUS),2.9970604792079207
RB McCosker (AUS),2.997015479207921
A Turner (AUS),2.99695
MAWR Madurasinghe (SL),2.9949500000000002
CBRLS Kumara (SL),2.994790079207921
M Zondeki (Afr/SA),2.9947750792079213
GR Robertson (AUS),2.994700079207921
KJ Arnott (ZIM),2.9945500792079214
Usman Shinwari (PAK),2.9928556
LHD Dilhara (SL),2.992511879207921
N Madziva (ZIM),2.9924620792079213
MC Sorensen (IRE),2.992361879207921
AR Khurasiya (INDIA),2.992282079207921
Haroon Rasheed (PAK),2.992261679207921
AP Devcich (NZ),2.992162079207921
EJ Gray (NZ),2.988291679207921
M Labuschagne (AUS),2.988192079207921
PC Strydom (SA),2.988192079207921
ST Banerjee (INDIA),2.9879000000000007
JJ van der Wath (SA),2.9875918792079212
Mushtaq Mohammad (PAK),2.9875120792079213
A Martin (WI),2.986409879207921
Jai P Yadav (INDIA),2.986225
HJ Howarth (NZ),2.985611879207921
GR Viswanath (INDIA),2.9843720000000005
J Anderson (IRE),2.983437079207921
SV Bahutule (INDIA),2.983437079207921
FL Reifer (WI),2.9832370792079215
D Lloyd (ENG),2.9829370792079213
PJ Ingram (NZ),2.9828770792079213
R Strydom (IRE),2.982637079207921
T Kumaran (INDIA),2.982637079207921
STR Binny (INDIA),2.9820352
MW Alleyne (ENG),2.9810300000000005
RA Woolmer (ENG),2.9807996000000005
GM Ewing (ZIM),2.980768879207921
PA Jaques (AUS),2.9807000000000006
CPS Chauhan (INDIA),2.980568879207921
Khurram Manzoor (PAK),2.980508879207921
CJ Adams (ENG),2.97866
JJ Esmeijer (NL),2.978412079207921
AJ Redmond (NZ),2.978311679207921
CE Eksteen (SA),2.978212079207921
DA Stirling (NZ),2.978212079207921
SN Thakur (INDIA),2.9781632000000005
Faisal Hossain (BDESH),2.9779120792079214
DP Samaraweera (SL),2.977272079207921
CA Lynn (AUS),2.9768499999999998
LJ Koen (SA),2.976672079207921
ARM Opatha (SL),2.976072079207921
JN Malan (SA),2.9738120792079212
Iftikhar Ahmed (PAK),2.973712079207921
Shamsur Rahman (BDESH),2.97358
APB Tennekoon (SL),2.973262079207921
VRV Singh (INDIA),2.9731
K Verreynne (SA),2.972612079207921
SHA Rance (NZ),2.970812079207921
Joginder Sharma (INDIA),2.9707496
SD Jack (SA),2.9706120792079207
DB Rundle (SA),2.969412079207921
Abid Ali (PAK),2.96725
BA King (WI),2.9672
AB Barath (WI),2.9648090000000002
NA Saini (INDIA),2.9643580000000003
KV Sharma (INDIA),2.9548
SM Warnapura (SL),2.9476
AGD Wickremasinghe (SL),2.386512079207921
BT Foakes (ENG),2.293
D Dasgupta (INDIA),2.2928720792079207
MR Pydanna (WI),2.288312079207921
RJ Blakey (ENG),2.2822999999999998
Nurul Hasan (BDESH),2.2746999999999997
PA Browne (WI),2.261452079207921
Hafizur Rahman (BDESH),2.254012079207921
B Reddy (INDIA),2.2406996
GW Humpage (ENG),2.2388996000000003
JL Langer (AUS),2.2110230000000004
Shaheen Shah Afridi (PAK),2.1598326
WV Raman (INDIA),2.150702079207921
Ijaz Faqih (PAK),2.1494564792079207
Minhajul Abedin (BDESH),2.1494564792079207
AJ Ireland (ZIM),2.1471572792079208
Athar Ali Khan (BDESH),2.142963
GB Troup (NZ),2.137526079207921
HR Walsh (USA/WI),2.13642
PJW Allott (ENG),2.1363918
RM Ellison (ENG),2.1358849999999996
JN Maguire (AUS),2.1351350792079207
Danish Kaneria (PAK),2.1340122000000004
AC Dawson (SA),2.130329079207921
Zahid Fazal (PAK),2.130275079207921
KA Jamieson (NZ),2.1295999999999995
NM Kulkarni (INDIA),2.129418
MW Priest (NZ),2.128076679207921
ND Hirwani (INDIA),2.127878679207921
MW Pringle (SA),2.125557279207921
SA Ankola (INDIA),2.1244452000000003
PDRL Perera (SL),2.1238829999999997
Nafees Iqbal (BDESH),2.1233270792079213
Aizaz Cheema (PAK),2.1233184
KA Edwards (WI),2.123258079207921
CA Young (IRE),2.123237079207921
KH MacLeay (AUS),2.123207079207921
DL Amiss (ENG),2.1226902
GG Arnold (ENG),2.1221418
KD Ghavri (INDIA),2.1221129999999997
PJ Wiseman (NZ),2.1185972792079206
RO Hinds (WI),2.118297279207921
AJ Turner (AUS),2.1176994000000002
DR Hadlee (NZ),2.1174486000000003
SW Ambris (WI),2.117253879207921
TN Madondo (ZIM),2.116503879207921
C Overton (ENG),2.1158
T Banton (ENG),2.1146994
RG Petrie (NZ),2.1136616792079206
KEA Upashantha (SL),2.1136448792079205
LG Howell (NZ),2.113511679207921
RP de Groen (NZ),2.113511679207921
PL Harris (SA),2.1130992
SS Tiwary (INDIA),2.1130992
UWMBCA Welegedara (SL),2.1125328
TG Shaw (SA),2.1124332
GE Bradburn (NZ),2.111720679207921
HS Williams (SA),2.1116830792079204
G Sharma (INDIA),2.111360679207921
RJ Bright (AUS),2.111240679207921
LG Rowe (WI),2.111220279207921
TM Dowlin (WI),2.111120679207921
A Maregwede (ZIM),2.111120679207921
HT Davis (NZ),2.111120679207921
Bilal Asif (PAK),2.1101996
GK Robertson (NZ),2.108852079207921
Shahid Saeed (PAK),2.108852079207921
RR Kulkarni (INDIA),2.108852079207921
GA Paterson (ZIM),2.108732079207921
JJ Krejza (AUS),2.10849
Naved Latif (PAK),2.1083418000000003
BE Young (AUS),2.1073998
IW Callen (AUS),2.1071400000000002
MDK Perera (SL),2.1071196
P Lever (ENG),2.1066452792079207
TD Astle (NZ),2.1064952792079206
Rumman Raees (PAK),2.106345279207921
PLS Gamage (SL),2.106345279207921
KG Duers (ZIM),2.1052998000000005
JE Morris (ENG),2.104262079207921
MG Burmester (ZIM),2.1039620792079208
RGCE Wijesuriya (SL),2.1039620792079208
Naveen-ul-Haq (AFG),2.1029999999999998
G Cook (ENG),2.1022998000000004
A Nortje (SA),2.1022540792079205
KF Semple (WI),2.102183079207921
Faruk Ahmed (BDESH),2.102183079207921
KDK Vithanage (SL),2.1019398000000002
JM Wiener (AUS),2.1018830792079206
GRJ Roope (ENG),2.1017828792079207
DS Kulkarni (INDIA),2.1017196
Azhar Hossain (BDESH),2.101583079207921
B Mavuta (ZIM),2.101583079207921
CP Senanayake (SL),2.101583079207921
ED Solkar (INDIA),2.101583079207921
TMK Mawoyo (ZIM),2.101583079207921
NGB Cook (ENG),2.101011279207921
JT Smuts (SA),2.1008995999999995
S Ranatunga (SL),2.1003918
JA Burns (AUS),2.1001998000000004
B Laughlin (AUS),2.0997396
C Hemraj (WI),2.099711879207921
DJ Cullen (AUS),2.09964
MW Douglas (NZ),2.099511879207921
KPJ Warnaweera (SL),2.099409879207921
S Badrinath (INDIA),2.0993707999999995
GD Lloyd (ENG),2.099361879207921
LR Johnson (WI),2.099361879207921
Azam Khan (PAK),2.099361879207921
Yasir Arafat (PAK),2.0993586000000004
GRA de Silva (SL),2.099211879207921
EH Hutchinson (USA),2.099211879207921
D Gamage (SL),2.0985996
DJM Short (AUS),2.09805
Najmul Hossain Shanto (BDESH),2.0977516792079207
BJ McKechnie (NZ),2.0975562
Zahoor Elahi (PAK),2.0975184
Sarandeep Singh (INDIA),2.0974520792079208
Raees Ahmadzai (AFG),2.097251679207921
R Shepherd (WI),2.097092079207921
BE Hendricks (SA),2.0970518792079207
GJ Gilmour (AUS),2.097002079207921
IR Redpath (AUS),2.097002079207921
GB Stevenson (ENG),2.097
NV Radford (ENG),2.0967998
SCG MacGill (AUS),2.0962992000000003
PJK Mooney (IRE),2.09621207920792
TS Nethula (NZ),2.09604
D Paterson (SA),2.0953120792079205
KHRK Fernando (SL),2.095191
Saeed Azad (PAK),2.0951120792079205
PS Vaidya (INDIA),2.0951120792079205
LS Rajput (INDIA),2.0951120792079205
Abdur Rauf (PAK),2.094812079207921
J Cameron-Dow (IRE),2.094812079207921
Fareed Ahmad (AFG),2.094812079207921
JC Gamage (SL),2.094812079207921
AS Wassan (INDIA),2.0947332
HD Rutherford (NZ),2.0945120792079206
SP Terry (IRE),2.0944399999999996
MA Carberry (ENG),2.09424
AM Stuart (AUS),2.093911679207921
AM Salvi (INDIA),2.0936999999999997
JDF Vandersay (SL),2.0929992
PG Coman (NZ),2.0928116792079208
Mohammad Khalil (PAK),2.0928116792079208
Rizwan-uz-Zaman (PAK),2.0927116792079206
Morshed Ali Khan (BDESH),2.092211679207921
W Mwayenga (ZIM),2.092211679207921
DS Weerakkody (SL),2.092211679207921
Pervez Mir (PAK),2.092211679207921
Fahim Muntasir (BDESH),2.092211679207921
VR Brown (NZ),2.092211679207921
IT Shillingford (WI),2.090612079207921
Mohibullah Oryakhel (AFG),2.090612079207921
EH Mattis (WI),2.090612079207921
SMS Kaluperuma (SL),2.090012079207921
Mohammad Naim (BDESH),2.0899120792079207
MC Mendis (SL),2.0899120792079207
JK Moss (AUS),2.088712079207921
EA Essop-Adam (ZIM),2.088712079207921
B Yograj Singh (INDIA),2.0872998000000003
Yamin Ahmadzai (AFG),2.0846999999999998
Bilawal Bhatti (PAK),2.08422
Nazmul Islam (BDESH),2.08149
JV Paranjpe (INDIA),2.0795999999999997
PM Pushpakumara (SL),2.0690999999999997
EMDY Munaweera (SL),2.0690999999999997
MP Bicknell (ENG),2.0682708
MDJ Walker (NZ),2.0676996
Nasir Ahmed (BDESH),1.3362830792079208
Zulqarnain Haider (PAK),1.329712079207921
RD Woolley (AUS),1.3252120792079207
CI Dunusinghe (SL),1.3246120792079208
P Krishnamurthy (INDIA),1.3234120792079207
TV Mufambisi (ZIM),1.3037116792079206
WW Davis (WI),1.3015359999999998
SA Jayasinghe (SL),1.2937120792079206
RG Hart (NZ),1.2931120792079207
Javed Qadeer (PAK),1.2910120792079207
RW Tolchard (ENG),1.2910120792079207
Mohammad Salim (BDESH),1.2910120792079207
SI Mahmood (ENG),1.2889684
D Mohammed (WI),1.2849051999999999
JP Crawley (ENG),1.2812917999999998
CEH Croft (WI),1.2775737999999999
ST Gabriel (WI),1.2775239999999999
RO Collinge (NZ),1.2691396
B Stanlake (AUS),1.2631852
PM Siddle (AUS),1.261381
AG Wharf (ENG),1.2589455999999997
AR Kapoor (INDIA),1.2583887999999999
KTGD Prasad (SL),1.2571906
CEL Stuart (WI),1.2568179999999998
Rahat Ali (PAK),1.2565426
PJ Martin (ENG),1.2541272792079208
SG Peall (ZIM),1.2540420792079208
MP Jarvis (ZIM),1.2529498
SHU Karnain (SL),1.2516432792079208
SD Udal (ENG),1.249429
Mohammad Zahid (PAK),1.2476391999999998
PE McEwan (NZ),1.2468468792079206
PW Jarvis (ENG),1.2456492792079206
KM Curran (ZIM),1.2439539999999998
Taslim Arif (PAK),1.2427120792079207
Hasan Raza (PAK),1.2421056792079208
HF Gurney (ENG),1.241758
DE Malcolm (ENG),1.2417099999999999
G Dymock (AUS),1.2409296792079207
AJ Tye (AUS),1.2397851999999998
Kabir Ali (ENG),1.2397455999999998
Al-Amin Hossain (BDESH),1.2391396
KK Ahmed (INDIA),1.2386536
Pankaj Singh (INDIA),1.2384999999999997
BB Sran (INDIA),1.2373995999999998
Shahid Mahboob (PAK),1.23628
CP Tremain (AUS),1.2362499999999998
R Sharma (INDIA),1.2362499999999998
PC Connell (IRE),1.2349470792079207
ML Su'a (NZ),1.2348618792079207
BCJ Cutting (AUS),1.23475
JP Agnew (ENG),1.2344998
V Pollard (NZ),1.2338997999999999
AJ Tudor (ENG),1.2338997999999999
RJ Bailey (ENG),1.23295
KO Meth (ZIM),1.2326640792079206
RJ McCurdy (AUS),1.2325860792079206
SF Graf (AUS),1.2325656792079207
RS Gabriel (WI),1.2324660792079207
P Wilson (AUS),1.2324660792079207
MV Fleming (ENG),1.2324660792079207
MH Denness (ENG),1.2320349999999998
MA Small (WI),1.2303999999999997
IE O'Brien (NZ),1.2300720792079207
ML Cummins (WI),1.2300720792079207
MF Malone (AUS),1.2300720792079207
A Mithun (INDIA),1.22992
Abul Hasan (BDESH),1.2291051999999998
GSNFG Jayasuriya (SL),1.2284494
JS Paris (AUS),1.2282999999999997
R Ngarava (ZIM),1.2279786792079208
RG Samuels (WI),1.227895
DP Hyatt (WI),1.2278286792079207
DT Mutendera (ZIM),1.2278286792079207
A van der Merwe (IRE),1.2277782792079208
MKDI Amerasinghe (SL),1.227775
CAK Rajitha (SL),1.2276786792079206
JA McCollum (IRE),1.2276786792079206
C Zhuwao (ZIM),1.2276786792079206
LS Baker (WI),1.2276786792079206
G Onions (ENG),1.2274479999999999
S Mahmood (ENG),1.2274479999999999
Ijaz Ahmed jnr (PAK),1.2273120792079206
MJ Di Venuto (AUS),1.2259666
AMJ Hilditch (AUS),1.2255870792079209
ML Lewis (AUS),1.2255351999999997
MJ Bennett (AUS),1.2254868792079208
Sajid Ali (PAK),1.2254655999999997
Saadat Ali (PAK),1.2254370792079208
AK Patel (INDIA),1.2253851999999998
DL Maddy (ENG),1.2252870792079207
Zafar Iqbal (PAK),1.2252870792079207
JD Love (ENG),1.2248998
Mosharraf Hossain (BDESH),1.22482
Mohammad Hasnain (PAK),1.2242199999999999
Asif Masood (PAK),1.2240972792079206
S Samarawickrama (SL),1.2234972792079206
MJ North (AUS),1.2231999999999998
ACI Lock (ZIM),1.2231972792079207
EZ Matambanadzo (ZIM),1.2231972792079207
RJ Kennedy (NZ),1.2230952792079206
AG Hurst (AUS),1.2230952792079206
NS Yadav (INDIA),1.2230472792079206
RE Bryson (SA),1.2230472792079206
Jalal-ud-Din (PAK),1.2230172792079206
V Permaul (WI),1.2228972792079207
Manzoor Akhtar (PAK),1.2228972792079207
MD Bell (NZ),1.2228972792079207
Gazi Ashraf (BDESH),1.2228972792079207
NMK Smith (ENG),1.2228972792079207
KA Hope (WI),1.2228972792079207
HWR Cartwright (AUS),1.2225999999999997
JA Snow (ENG),1.222495
Hasan Jamil (PAK),1.2219096792079207
WCA Ganegama (SL),1.2218499999999999
CKB Kulasekara (SL),1.2218499999999999
MHW Papps (NZ),1.2217116792079206
L Sipamla (SA),1.2215998
ADG Roberts (NZ),1.2210999999999999
MS Chapman (HKG/NZ),1.2207114792079206
BM Wheeler (NZ),1.2207096792079206
R Dhanraj (WI),1.2206616792079208
TS Kamunhukamwe (ZIM),1.2205116792079207
N M'shangwe (ZIM),1.2205116792079207
Saleem Altaf (PAK),1.2205116792079207
MJ Fourie (IRE),1.2205116792079207
JG Heron (ZIM),1.2205116792079207
Talha Jubair (BDESH),1.2205116792079207
GJ Crocker (ZIM),1.2205116792079207
BJ Diamanti (NZ),1.2205
WM Lawry (AUS),1.2192999999999998
JP Millmow (NZ),1.2184320792079206
KA Maharaj (SA),1.2183351999999998
AJ Penn (NZ),1.2183300792079208
Bazid Khan (PAK),1.2182520792079208
S Jeganathan (SL),1.2181320792079207
GJ Delany (IRE),1.2181320792079207
B Yardley (AUS),1.2181320792079207
K Zondo (SA),1.2181320792079207
Khalid Latif (PAK),1.2181320792079207
Izatullah Dawlatzai (AFG),1.2181320792079207
CJ Drum (NZ),1.2181320792079207
CT Mumba (ZIM),1.2181320792079207
GE Kidd (IRE),1.2181320792079207
Jahangir Shah (BDESH),1.2181320792079207
Mahbubul Alam (BDESH),1.2181320792079207
Shan Masood (PAK),1.2181320792079207
AP Grayson (ENG),1.2177999999999998
B Geeves (AUS),1.2177999999999998
BOP Fernando (SL),1.2175995999999998
Nazimuddin (BDESH),1.2171519999999998
S Tyagi (INDIA),1.21675
AP Igglesden (ENG),1.2163620792079208
RB Kerr (AUS),1.2163620792079208
DB Close (ENG),1.2161997999999998
MJ Lumb (ENG),1.2161997999999998
SV Nayak (INDIA),1.2160620792079206
SJ Cook (SA),1.2160620792079206
D Ranatunga (SL),1.2160620792079206
J Mulder (IRE),1.2160620792079206
MH Richardson (NZ),1.2159600792079208
GJ Thompson (IRE),1.2158998
VR Aaron (INDIA),1.2158662
CE Bulfin (NZ),1.2157620792079207
TK Canning (NZ),1.2157620792079207
MW Rushmere (SA),1.2157620792079207
SK Ranasinghe (SL),1.2157620792079207
Mafizur Rahman (BDESH),1.2157620792079207
Washington Sundar (INDIA),1.2156999999999998
JO Troughton (ENG),1.21522
PJ Franks (ENG),1.2150999999999998
Shafiq Ahmed (PAK),1.2140118792079209
HT Tector (IRE),1.2140118792079209
Jubair Hossain (BDESH),1.213711879207921
Shadab Kabir (PAK),1.213711879207921
SP Mukherjee (INDIA),1.213711879207921
MA Lynch (ENG),1.2136098792079208
SC Getkate (IRE),1.2136098792079208
Neeyamur Rashid (BDESH),1.2135999999999998
Imran Abbas (PAK),1.2135999999999998
DI Joyce (IRE),1.2134118792079207
RAL Massie (AUS),1.2134118792079207
CS Serjeant (AUS),1.2134118792079207
LN Roche (ZIM),1.2134118792079207
GJP Kruger (SA),1.2134118792079207
AJ Mackay (ZIM),1.2134118792079207
DJ White (NZ),1.2134118792079207
U Ranchod (ZIM),1.2134118792079207
S Amarnath (INDIA),1.2134118792079207
W Madhevere (ZIM),1.2134118792079207
WA Wisneski (NZ),1.2134118792079207
DJ Worrall (AUS),1.2134118792079207
O Henry (SA),1.2134118792079207
RW Sims (ZIM),1.2134118792079207
C Campher (IRE),1.2134118792079207
DLS de Silva (SL),1.2129120792079207
LR Shukla (INDIA),1.2128998
IDK Salisbury (ENG),1.21285
Kabir Khan (PAK),1.2123165999999999
Samiur Rahman (BDESH),1.2123120792079207
MD Bates (NZ),1.2117120792079206
R Illingworth (ENG),1.2117120792079206
Abdullah Mazari (AFG),1.2117120792079206
AK Zesers (AUS),1.2117120792079206
RR Emrit (WI),1.2117120792079206
Younis Ahmed (PAK),1.2117120792079206
GD Porter (AUS),1.2117120792079206
Aamer Hameed (PAK),1.2117120792079206
Fazle Mahmud (BDESH),1.2114120792079206
BC Rose (ENG),1.2114120792079206
GH Bodi (SA),1.2114120792079206
TA Blundell (NZ),1.2114120792079206
Sohail Fazal (PAK),1.2114120792079206
VB van Jaarsveld (SA),1.2114120792079206
Abu Hider (BDESH),1.2111120792079206
PARP Perera (SL),1.2111120792079206
J Blackwood (WI),1.2111120792079206
Usman Salahuddin (PAK),1.2111120792079206
N Gifford (ENG),1.2111120792079206
GA Bishop (AUS),1.2111120792079206
FJ Titmus (ENG),1.2111120792079206
RS Haire (IRE),1.2111120792079206
Noor-ul-Haq (AFG),1.2111120792079206
BR Taylor (NZ),1.2111120792079206
PD Heyn (SL),1.2111120792079206
Tanvir Ahmed (PAK),1.2111120792079206
JWHD Boteju (SL),1.2111120792079206
CJ Dala (SA),1.2111120792079206
JC Kent (SA),1.2111120792079206
JJ Whitaker (ENG),1.2111120792079206
BP Nash (WI),1.209775
S Abrahams (SA),1.2096120792079206
LW Stott (NZ),1.2096120792079206
KADM Fernando (SL),1.2096120792079206
TN Garwe (ZIM),1.2096120792079206
Rokhan Barakzai (AFG),1.2096120792079206
Rizwan Ahmed (PAK),1.2096120792079206
ACL Richards (WI),1.2096120792079206
GD McKenzie (AUS),1.2096120792079206
AG Puttick (SA),1.2096120792079206
NM Parker (NZ),1.2096120792079206
Irfan Bhatti (PAK),1.2096120792079206
M Yachad (SA),1.2090120792079206
Gursharan Singh (INDIA),1.2090120792079206
K Shuttleworth (ENG),1.2090120792079206
Naeem Ahmed (PAK),1.2090120792079206
R Sudhakar Rao (INDIA),1.2090120792079206
Jamaluddin Ahmed (BDESH),1.2090120792079206
Ibrahim Zadran (AFG),1.2090120792079206
RW Anderson (NZ),1.2082
MJ Smith (ENG),1.2065199999999998
S Sriram (INDIA),1.2062950000000001
GS Sobers (WI),1.2060999999999997
AK Perera (SL),1.2052995999999998
J Yadav (INDIA),1.2048999999999999
AL Wadekar (INDIA),1.2046
BL D'Oliveira (ENG),1.2041499999999998
Mohammad Sharif (BDESH),1.2031665999999999
U Chatterjee (INDIA),1.2020998
Gurkeerat Singh (INDIA),1.2014998
MA Agarwal (INDIA),1.2014998
Raqibul Hasan (BDESH),1.2004
Taijul Islam (BDESH),1.1989665999999999
AB Dinda (INDIA),1.1983455999999997
BP Patel (INDIA),1.1965599999999998
Tanbir Hayder (BDESH),1.1955999999999998
S Kaul (INDIA),1.1930998
KR Stackpole (AUS),1.1907495999999997
HM Goonatilleke (SL),0.46851167920792086
O Thomas (WI),0.4044
Ata-ur-Rehman (PAK),0.3989120792079208
HP Rinke (ZIM),0.37611207920792084
J Lewis (ENG),0.375
BR Dorey (AUS),0.375
M de Lange (SA),0.3714
Jahangir Alam (BDESH),0.3661118792079208
WM Clark (AUS),0.36600000000000005
OAC Banks (WI),0.366
GA Lamb (ZIM),0.36539999999999995
Zakir Khan (PAK),0.3653120792079208
J Angel (AUS),0.3636
SP Jones (ENG),0.363
D Wiese (SA),0.3618
Ehsan Adil (PAK),0.3618
RL Johnson (ENG),0.36
MB Loye (ENG),0.35879999999999995
Naved Anjum (PAK),0.3581120792079208
CB Lambert (USA/WI),0.3569120792079208
GC Tonge (WI),0.3558
JJC Lawson (WI),0.3557120792079208
MG Vandort (SL),0.3552
D Brown (WI),0.35459999999999997
BE Congdon (NZ),0.35451207920792077
Shafiuddin Ahmed (BDESH),0.3533120792079208
MS Gony (INDIA),0.3522
DM Smith (ENG),0.3522
NV Ojha (INDIA),0.35159999999999997
OP Stone (ENG),0.351
RA Jones (NZ),0.3504
CEW Silverwood (ENG),0.3498
LB Taylor (ENG),0.3486
MA Aponso (SL),0.3485120792079208
ID Austin (ENG),0.3485120792079208
Gholam Nousher (BDESH),0.3485120792079208
AN Ranasinghe (SL),0.3485120792079208
R Edwards (AUS),0.3485120792079208
Aamer Nazir (PAK),0.3485120792079208
CL Smith (ENG),0.348
JM Mennie (AUS),0.3468
AGR Loudon (ENG),0.3462
EA Moseley (WI),0.3461120792079208
T Muzarabani (ZIM),0.3461120792079208
KD Boyce (WI),0.3461120792079208
KN Amalean (SL),0.3461120792079208
KOK Williams (WI),0.3461120792079208
CM Willoughby (SA),0.34559999999999996
RWT Key (ENG),0.34500000000000003
Dolar Mahmud (BDESH),0.3449120792079208
Saiful Islam (BDESH),0.3449120792079208
JD Unadkat (INDIA),0.3437120792079208
JH Edrich (ENG),0.3437120792079208
ERNS Fernando (SL),0.3437120792079208
BA Parchment (WI),0.3437120792079208
Khaliq Dad (AFG),0.34131207920792084
Nadeem Ghauri (PAK),0.34131207920792084
Ehsanul Haque (BDESH),0.34131207920792084
Sheikh Salahuddin (BDESH),0.34131207920792084
DAG Fletcher (ZIM),0.34131207920792084
RS Ghai (INDIA),0.34131207920792084
TJ Laughlin (AUS),0.34131207920792084
JB Little (IRE),0.34131207920792084
KCB Jeremy (WI),0.34131207920792084
PS Jayaprakashdaran (SL),0.3408
DP Nannes (AUS),0.3408
MKGCP Lakshitha (SL),0.3408
G Chapple (ENG),0.3408
AN Connolly (AUS),0.3408
MTG Elliott (AUS),0.3408
JA Jameson (ENG),0.3402
Moin-ul-Atiq (PAK),0.3401120792079208
MVT Fernando (SL),0.3396
JAH Marshall (NZ),0.339
AR Tait (NZ),0.3389120792079208
FC Hayes (ENG),0.3389120792079208
Golam Faruq (BDESH),0.3389120792079208
AMN Munasinghe (SL),0.3389120792079208
PG Gillespie (IRE),0.3389120792079208
GC Martin (ZIM),0.3389120792079208
Zulfiqar Babar (PAK),0.3389120792079208
S Abid Ali (INDIA),0.3389120792079208
GA Briant (ZIM),0.3389120792079208
MI Black (WI),0.3389120792079208
Aamer Hanif (PAK),0.3389120792079208
DK Butler (WI),0.3389120792079208
GR Beard (AUS),0.33780000000000004
SC Meaker (ENG),0.33780000000000004
TJ Franklin (NZ),0.3377120792079208
DJ Terbrugge (SA),0.3377120792079208
Shahzaib Hasan (PAK),0.33659999999999995
JH Hampshire (ENG),0.33659999999999995
TA Lloyd (ENG),0.33659999999999995
Wasim Haider (PAK),0.33659999999999995
Fawad Ahmed (AUS),0.33659999999999995
CS Cowdrey (ENG),0.33659999999999995
Intikhab Alam (PAK),0.3365120792079208
Iqbal Sikander (PAK),0.3365120792079208
CW Henderson (SA),0.3365120792079208
MS Tshabalala (SA),0.3365120792079208
BS Browne (WI),0.3365120792079208
PM Toohey (AUS),0.3365120792079208
PA Horne (NZ),0.3365120792079208
Junaid Zia (PAK),0.3365120792079208
LWS Kaluperuma (SL),0.3365120792079208
GFJ Liebenberg (SA),0.3365120792079208
LD Madushanka (SL),0.3365120792079208
SL Stewart (NZ),0.3365120792079208
Mohammad Nazir (PAK),0.3365120792079208
Mujahid Jamshed (PAK),0.3365120792079208
Asad Ali (PAK),0.3365120792079208
Nurul Abedin (BDESH),0.3365120792079208
TAP Sekhar (INDIA),0.3365120792079208
D Ramnarine (WI),0.3365120792079208
SL Watkin (ENG),0.3365120792079208
Akhtar Sarfraz (PAK),0.3365120792079208
Aamer Yamin (PAK),0.3365120792079208
LJ Woodcock (NZ),0.3365120792079208
NA David (INDIA),0.3365120792079208
GN de Silva (SL),0.3365120792079208
SS Das (INDIA),0.3365120792079208
PI Pocock (ENG),0.33540000000000003
Bhupinder Singh snr (INDIA),0.3342
Zahid Razzak (BDESH),0.3341120792079208
Mohammad Abbas (PAK),0.3341120792079208
MH Tissera (SL),0.3341120792079208
PL Mhambrey (INDIA),0.3341120792079208
MRCN Bandaratilleke (SL),0.3341120792079208
DJ Gandhi (INDIA),0.3341120792079208
JG Thomas (ENG),0.3341120792079208
GP Sulzberger (NZ),0.3341120792079208
J Louw (SA),0.3341120792079208
Mohammad Talha (PAK),0.3341120792079208
Sunzamul Islam (BDESH),0.3341120792079208
T Yohannan (INDIA),0.3341120792079208
F Kasteni (ZIM),0.3341120792079208
BW Luckhurst (ENG),0.3341120792079208
IS Gallage (SL),0.3341120792079208
HAG Anthony (WI),0.3341120792079208
DR O'Sullivan (NZ),0.3341120792079208
Robiul Islam (BDESH),0.3341120792079208
CEB Rice (SA),0.3341120792079208
Dawlat Ahmadzai (AFG),0.3341120792079208
K Pierre (WI),0.3341120792079208
HSM Pieris (SL),0.3341120792079208
GE Peckover (ZIM),0.3341120792079208
AM Nayar (INDIA),0.3341120792079208
RPAH Wickramaratne (SL),0.3341120792079208
MN Nawaz (SL),0.3341120792079208
R Dhawan (INDIA),0.3341120792079208
Naseer Malik (PAK),0.3341120792079208
Ashfaq Ahmed (PAK),0.3341120792079208
IC Davis (AUS),0.3341120792079208
PP Shaw (INDIA),0.3341120792079208
AP Sheahan (AUS),0.3341120792079208
Saad Nasim (PAK),0.3341120792079208
JD Hall (IRE),0.3341120792079208
SRD Wettimuny (SL),0.3341120792079208
Haafiz Shahid (PAK),0.3341120792079208
ER Fernando (SL),0.3341120792079208
Ghulam Ali (PAK),0.3341120792079208
PH Carlson (AUS),0.3341120792079208
Y Goonasekera (SL),0.3341120792079208
LR Gibbs (WI),0.3341120792079208
RJ Webb (NZ),0.3341120792079208
LV Garrick (WI),0.3341120792079208
CA Pujara (INDIA),0.3336
SA Abbott (AUS),0.3336
ML Udawatte (SL),0.333
EJ Richardson (IRE),0.3329120792079208
GK Khoda (INDIA),0.3329120792079208
JP Taylor (ENG),0.3329120792079208
W Jaffer (INDIA),0.33240000000000003
DJ Malan (ENG),0.3318
DR Briggs (ENG),0.3318
SM Harwood (AUS),0.3318
S Dube (INDIA),0.3318
KJ Barnett (ENG),0.3318
A Ndlovu (ZIM),0.33171207920792084
GD Watson (AUS),0.33171207920792084
Shakeel Ahmed jnr (PAK),0.33171207920792084
MLC Foster (WI),0.33171207920792084
CK Tshuma (ZIM),0.33171207920792084
BG Hadlee (NZ),0.33171207920792084
IA Nicolson (ZIM),0.33171207920792084
Naeem Ashraf (PAK),0.33171207920792084
Nadeem Khan (PAK),0.33171207920792084
Asif Mahmood (PAK),0.33171207920792084
PH Sharma (INDIA),0.33171207920792084
Azmat Rana (PAK),0.33171207920792084
LJ Hamilton (NZ),0.33171207920792084
PV Mpitsang (SA),0.33171207920792084
MT Chinouya (ZIM),0.33171207920792084
RK Whelan (IRE),0.33171207920792084
MG Neser (AUS),0.33171207920792084
MW Parkinson (ENG),0.33171207920792084
Shaheedur Rahman (BDESH),0.33171207920792084
Arshad Pervez (PAK),0.33171207920792084
CM Wells (ENG),0.33171207920792084
SJ Roberts (NZ),0.33171207920792084
RA Reifer (WI),0.33171207920792084
RE Redmond (NZ),0.33171207920792084
Sajjad Ahmed (BDESH),0.33171207920792084
SS Raul (INDIA),0.33171207920792084
NLK Ratnayake (SL),0.33171207920792084
Randhir Singh (INDIA),0.33171207920792084
N Ranatunga (SL),0.33171207920792084
Sajjad Akbar (PAK),0.33171207920792084
KJ O'Keeffe (AUS),0.33171207920792084
Rafiqul Alam (BDESH),0.33171207920792084
Samiullah Khan (PAK),0.33171207920792084
S Weerakoon (SL),0.33171207920792084
GS Sandhu (AUS),0.33171207920792084
SP Pasqual (SL),0.33171207920792084
SD Parry (ENG),0.33171207920792084
KP Walmsley (NZ),0.33171207920792084
GK Pandey (INDIA),0.33171207920792084
D Olivier (SA),0.33171207920792084
UNK Fernando (SL),0.33171207920792084
Moniruzzaman (BDESH),0.33171207920792084
TE Srinivasan (INDIA),0.33171207920792084
Zahid Ahmed (PAK),0.33171207920792084
RR Beaton (WI),0.33171207920792084
VR Hogg (ZIM),0.33171207920792084
OC McCoy (WI),0.33171207920792084
Harunur Rashid (BDESH),0.33171207920792084
GW Aldridge (NZ),0.33171207920792084
A Bhandari (INDIA),0.33171207920792084
Saad Ali (PAK),0.33171207920792084
RG Holland (AUS),0.33171207920792084
CJPG van Zyl (SA),0.33171207920792084
T Bosch (SA),0.33171207920792084
GA Cope (ENG),0.33171207920792084
Mansoor Rana (PAK),0.33171207920792084
JE Benjamin (ENG),0.33171207920792084
S Somasunder (INDIA),0.33171207920792084
PIC Thompson (WI),0.33171207920792084
Kamran Hussain (PAK),0.33171207920792084
C Jonker (SA),0.33171207920792084
PS Masvaure (ZIM),0.33171207920792084
Jahangir Alam Talukdar (BDESH),0.33171207920792084
Fazl-e-Akbar (PAK),0.33171207920792084
GS Trimble (AUS),0.33171207920792084
NGRP Jayasuriya (SL),0.33171207920792084
PHKD Mendis (SL),0.33171207920792084
Hasti Gul (AFG),0.33171207920792084
RSA Jayasekera (SL),0.33171207920792084
RP Singh (INDIA),0.33120000000000005
Liaqat Ali (PAK),0.3312
Sami Aslam (PAK),0.33
CT Radley (ENG),0.33
B Arun (INDIA),0.33
Anwar Hossain Monir (BDESH),0.3293120792079208
M Venkataramana (INDIA),0.3293120792079208
EP Thompson (NZ),0.3293120792079208
AP Wells (ENG),0.3293120792079208
JNK Shannon (IRE),0.3293120792079208
AL Thomson (AUS),0.3293120792079208
Shariful Haque (BDESH),0.3293120792079208
AJ Woodcock (AUS),0.3293120792079208
CM Tuckett (WI),0.3293120792079208
FS Ahangama (SL),0.3293120792079208
Aminul Islam jnr (BDESH),0.3293120792079208
KJ Silva (SL),0.3293120792079208
JD Siddons (AUS),0.3293120792079208
Zakir Hasan (BDESH),0.3293120792079208
Anwar Hossain (BDESH),0.3293120792079208
S Shivnarine (WI),0.3293120792079208
Wahidul Gani (BDESH),0.3293120792079208
Saleem Pervez (PAK),0.3293120792079208
Ahmed Kamal (BDESH),0.3293120792079208
Shakeel Khan (PAK),0.3293120792079208
Sayed Shirzad (AFG),0.3293120792079208
GE Vivian (NZ),0.3293120792079208
Zafar Gohar (PAK),0.3293120792079208
DM Vonhagt (SL),0.3293120792079208
Zakiullah Zaki (AFG),0.3293120792079208
BN Schultz (SA),0.3293120792079208
Shahid Anwar (PAK),0.3293120792079208
AP Weerakkody (SL),0.3293120792079208
MD Wettimuny (SL),0.3293120792079208
PJR Steyn (SA),0.3293120792079208
Zahir Khan (AFG),0.3293120792079208
Tanvir Mehdi (PAK),0.3293120792079208
Zakir Hossain (BDESH),0.3293120792079208
M Watkinson (ENG),0.3293120792079208
DS Steele (ENG),0.3293120792079208
M Shezi (SA),0.3293120792079208
Najaf Shah (PAK),0.3293120792079208
TS Roland-Jones (ENG),0.3293120792079208
RT Hart (NZ),0.3293120792079208
RL Hayes (NZ),0.3293120792079208
RGA Headley (WI),0.3293120792079208
SD Heazlett (AUS),0.3293120792079208
Hussain Talat (PAK),0.3293120792079208
Irfan Fazil (PAK),0.3293120792079208
GK Bruk-Jackson (ZIM),0.3293120792079208
TJ Jenner (AUS),0.3293120792079208
SA Britton (IRE),0.3293120792079208
R Kaia (ZIM),0.3293120792079208
Karim Janat (AFG),0.3293120792079208
Kashif Raza (PAK),0.3293120792079208
Ariful Haque (BDESH),0.3293120792079208
GK Bose (INDIA),0.3293120792079208
DV Lawrence (ENG),0.3293120792079208
M Bhanuka (SL),0.3293120792079208
MJ Haslam (NZ),0.3293120792079208
JR Hammond (AUS),0.3293120792079208
DSK Madushanka (SL),0.3293120792079208
AAW Gunawardena (SL),0.3293120792079208
H Davids (SA),0.3293120792079208
P Dharmani (INDIA),0.3293120792079208
SO Dowrich (WI),0.3293120792079208
DM Dupavillon (SA),0.3293120792079208
PS Eaglestone (IRE),0.3293120792079208
RT Crandon (WI),0.3293120792079208
WJ Edwards (AUS),0.3293120792079208
MC Cowdrey (ENG),0.3293120792079208
Faisal Athar (PAK),0.3293120792079208
AM Fernando (SL),0.3293120792079208
DJ Colley (AUS),0.3293120792079208
TL Fernando (SL),0.3293120792079208
D Ganesh (INDIA),0.3293120792079208
AE Greenidge (WI),0.3293120792079208
FRMD Gunatilleke (SL),0.3293120792079208
JA Maclean (AUS),0.3293120792079208
BP Bracewell (NZ),0.3293120792079208
RA Austin (WI),0.3293120792079208
Mazharul Haque (BDESH),0.3293120792079208
Naumanullah (PAK),0.3293120792079208
MB Owens (NZ),0.3293120792079208
Parvez Rasool (INDIA),0.3293120792079208
Nasim-ul-Ghani (PAK),0.3293120792079208
Najeeb Tarakai (AFG),0.3293120792079208
Mahmood Hamid (PAK),0.3293120792079208
DJ Murray (NZ),0.3293120792079208
MD Bailey (NZ),0.3293120792079208
KMC Bandara (SL),0.3293120792079208
NT Pascal (WI),0.3293120792079208
RGM Patel (INDIA),0.3293120792079208
MA Meman (ZIM),0.3293120792079208
AA Noffke (AUS),0.3293120792079208
GJ McCarter (IRE),0.3293120792079208
KG Perera (SL),0.3293120792079208
N Ncube (ZIM),0.3293120792079208
N Phillip (WI),0.3293120792079208
AW Mathieson (NZ),0.3293120792079208
AV Mankad (INDIA),0.3293120792079208
Rafiqul Islam (BDESH),0.3293120792079208
Raza Hasan (PAK),0.3293120792079208
RR Ramdass (WI),0.3293120792079208
Mansoor Amjad (PAK),0.3293120792079208
Masood Iqbal (PAK),0.3293120792079208
Maqsood Rana (PAK),0.3293120792079208
SM Curran (ENG),0.327
Subashis Roy (BDESH),0.3264
ZS Ansari (ENG),0.3264
SG Borthwick (ENG),0.32520000000000004
SS Naik (INDIA),0.32520000000000004
WN Slack (ENG),0.32520000000000004
Shubman Gill (INDIA),0.32520000000000004
JD Campbell (WI),0.3234
Mohammed Siraj (INDIA),0.32280000000000003
Ahmed Shah (AFG),0.32280000000000003
Abu Jayed (BDESH),0.3228
VB Chandrasekhar (INDIA),0.3228
MJ Cosgrove (AUS),0.3222
SC Kuggeleijn (NZ),0.3216
SG Davies (ZIM),0.321
Shuvagata Hom (BDESH),0.321
Anisur Rahman (BDESH),0.31980000000000003
BM Duckett (ENG),0.3186
FY Fazal (INDIA),0.3174
MR Benson (ENG),0.3174
LA Dawson (ENG),0.31620000000000004
Elias Sunny (BDESH),0.3156
AV Kale (INDIA),0.3138
PHT Kaushal (SL),0.3138
DF Whatmore (AUS),0.3138
BS Chandrasekhar (INDIA),0.3138
AR Butcher (ENG),0.3138
RO Butcher (ENG),0.3132
M Pushpakumara (SL),0.3108
Afif Hossain (BDESH),0.3084
KK Nair (INDIA),0.30720000000000003
DL Chahar (INDIA),0.30419999999999997
Mahbubur Rahman (BDESH),0.2994
